"id","schema","name","aliases","birth_date","countries","addresses","identifiers","sanctions","phones","emails","dataset","first_seen","last_seen","last_change"
"plmswia-osoby-abel-tatsiana","Person","Tatsiana ABEL","","1964-03-18","","","","2023-05-30","","","Polish List of Persons and Entities Subject to Sanctions","2025-04-28T19:38:23","2025-04-28T19:38:23","2025-04-28T19:38:23"
"plmswia-osoby-achalava-anastasiya","Person","Anastasiya ACHALAVA","","1992-10-15","","","","2023-05-30","","","Polish List of Persons and Entities Subject to Sanctions","2025-04-28T19:38:23","2025-04-28T19:38:23","2025-04-28T19:38:23"
"plmswia-osoby-adamenka-yauhen","Person","Yauhen ADAMENKA","","1960-08-26","","","","2023-05-30","","","Polish List of Persons and Entities Subject to Sanctions","2025-04-28T19:38:23","2025-04-28T19:38:23","2025-04-28T19:38:23"
"plmswia-osoby-adzintsova-sviatlana","Person","Sviatlana ADZINTSOVA","","1964-11-08","","","","2023-05-30","","","Polish List of Persons and Entities Subject to Sanctions","2025-04-28T19:38:23","2025-04-28T19:38:23","2025-04-28T19:38:23"
"plmswia-osoby-akavitaia-tatsiana","Person","Tatsiana AKAVITAIA","","1988-04-04","","","","2023-05-30","","","Polish List of Persons and Entities Subject to Sanctions","2025-04-28T19:38:23","2025-04-28T19:38:23","2025-04-28T19:38:23"
"plmswia-osoby-alaudinov-apti-aronovich","Person","Apti Aronovich ALAUDINOV","","1973-10-05","","","","2022-10-27","","","Polish List of Persons and Entities Subject to Sanctions","2025-04-28T19:38:23","2025-04-28T19:38:23","2025-04-28T19:38:23"
"plmswia-osoby-aleinikava-tatsiana","Person","Tatsiana ALEINIKAVA","","1989-11-18","","","","2023-05-30","","","Polish List of Persons and Entities Subject to Sanctions","2025-04-28T19:38:23","2025-04-28T19:38:23","2025-04-28T19:38:23"
"plmswia-osoby-aliaksandrau-andrei","Person","Andrei ALIAKSANDRAU","","1990-08-08","","","","2023-05-30","","","Polish List of Persons and Entities Subject to Sanctions","2025-04-28T19:38:23","2025-04-28T19:38:23","2025-04-28T19:38:23"
"plmswia-osoby-amelyaniuk-aliaksandr","Person","Aliaksandr AMELYANIUK","","1964-03-06","","","","2023-05-30","","","Polish List of Persons and Entities Subject to Sanctions","2025-04-28T19:38:23","2025-04-28T19:38:23","2025-04-28T19:38:23"
"plmswia-osoby-amirkhadzhieva-elina","Person","Elina AMIRKHADZHIEVA","","1968-08-21","","","","2023-05-30","","","Polish List of Persons and Entities Subject to Sanctions","2025-04-28T19:38:23","2025-04-28T19:38:23","2025-04-28T19:38:23"
"plmswia-osoby-ananich-liliya","Person","Liliya ANANICH","","1960-01-02","","","","2023-05-30","","","Polish List of Persons and Entities Subject to Sanctions","2025-04-28T19:38:23","2025-04-28T19:38:23","2025-04-28T19:38:23"
"plmswia-osoby-ananich-viktar","Person","Viktar ANANICH","","1963-06-05","","","","2023-05-30","","","Polish List of Persons and Entities Subject to Sanctions","2025-04-28T19:38:23","2025-04-28T19:38:23","2025-04-28T19:38:23"
"plmswia-osoby-andreichanka-uladzimir","Person","Uladzimir ANDREICHANKA","","1949-01-02","","","","2023-05-30","","","Polish List of Persons and Entities Subject to Sanctions","2025-04-28T19:38:23","2025-04-28T19:38:23","2025-04-28T19:38:23"
"plmswia-osoby-aniukhouski-siarhei","Person","Siarhei ANIUKHOUSKI","","1980-03-28","","","","2023-05-30","","","Polish List of Persons and Entities Subject to Sanctions","2025-04-28T19:38:23","2025-04-28T19:38:23","2025-04-28T19:38:23"
"plmswia-osoby-asipchyk-anastasiya","Person","Anastasiya ASIPCHYK","","1985-02-05","","","","2023-05-30","","","Polish List of Persons and Entities Subject to Sanctions","2025-04-28T19:38:23","2025-04-28T19:38:23","2025-04-28T19:38:23"
"plmswia-osoby-autka-aliaksandr","Person","Aliaksandr AUTKA","","1972-01-16","","","","2023-05-30","","","Polish List of Persons and Entities Subject to Sanctions","2025-04-28T19:38:23","2025-04-28T19:38:23","2025-04-28T19:38:23"
"plmswia-osoby-autukhova-tatsiana","Person","Tatsiana AUTUKHOVA","","1965-09-24","","","","2023-05-30","","","Polish List of Persons and Entities Subject to Sanctions","2025-04-28T19:38:23","2025-04-28T19:38:23","2025-04-28T19:38:23"
"plmswia-osoby-avdeev-nikolay","Person","Nikolay AVDEEV","","1976-10-23","","","","2024-07-26","","","Polish List of Persons and Entities Subject to Sanctions","2025-04-28T19:38:23","2025-04-28T19:38:23","2025-04-28T19:38:23"
"plmswia-osoby-averkau-aliaksandr","Person","Aliaksandr AVERKAU","","1960-01-23","","","","2023-05-30","","","Polish List of Persons and Entities Subject to Sanctions","2025-04-28T19:38:23","2025-04-28T19:38:23","2025-04-28T19:38:23"
"plmswia-osoby-azaranka-uladzimir","Person","Uladzimir AZARANKA","","1962-08-29","","","","2023-05-30","","","Polish List of Persons and Entities Subject to Sanctions","2025-04-28T19:38:23","2025-04-28T19:38:23","2025-04-28T19:38:23"
"plmswia-osoby-azarenok-grigorij","Person","Grigorij AZARENOK","","1995-10-18","","","","2023-05-30","","","Polish List of Persons and Entities Subject to Sanctions","2025-04-28T19:38:23","2025-04-28T19:38:23","2025-04-28T19:38:23"
"plmswia-osoby-babalovich-aliaksandr","Person","Aliaksandr BABALOVICH","","1964-09-24","","","","2023-05-30","","","Polish List of Persons and Entities Subject to Sanctions","2025-04-28T19:38:23","2025-04-28T19:38:23","2025-04-28T19:38:23"
"plmswia-osoby-babkin-konstantin","Person","Konstantin BABKIN","","1971-02-13","","","","2023-05-30","","","Polish List of Persons and Entities Subject to Sanctions","2025-04-28T19:38:23","2025-04-28T19:38:23","2025-04-28T19:38:23"
"plmswia-osoby-bachyla-aliaksandr","Person","Aliaksandr BACHYLA","","1961-02-26","","","","2023-05-30","","","Polish List of Persons and Entities Subject to Sanctions","2025-04-28T19:38:23","2025-04-28T19:38:23","2025-04-28T19:38:23"
"plmswia-osoby-bahdanovich-aliaksandr","Person","Aliaksandr BAHDANOVICH","","1982-04-29","","","","2023-05-30","","","Polish List of Persons and Entities Subject to Sanctions","2025-04-28T19:38:23","2025-04-28T19:38:23","2025-04-28T19:38:23"
"plmswia-osoby-baiko-valiantsin","Person","Valiantsin BAIKO","","1969-11-30","","","","2023-05-30","","","Polish List of Persons and Entities Subject to Sanctions","2025-04-28T19:38:23","2025-04-28T19:38:23","2025-04-28T19:38:23"
"plmswia-osoby-bakalczuk-tatiana","Person","Tatiana BAKALCZUK","","1975-10-16","","","","2022-04-26","","","Polish List of Persons and Entities Subject to Sanctions","2025-04-28T19:38:23","2025-04-28T19:38:23","2025-04-28T19:38:23"
"plmswia-osoby-bandarenka-sviatlana","Person","Sviatlana BANDARENKA","","1985-05-01","","","","2023-05-30","","","Polish List of Persons and Entities Subject to Sanctions","2025-04-28T19:38:23","2025-04-28T19:38:23","2025-04-28T19:38:23"
"plmswia-osoby-baraulia-aliaksandr","Person","Aliaksandr BARAULIA","","1974-05-09","","","","2023-05-30","","","Polish List of Persons and Entities Subject to Sanctions","2025-04-28T19:38:23","2025-04-28T19:38:23","2025-04-28T19:38:23"
"plmswia-osoby-barsava-valeryia","Person","Valeryia BARSAVA","","1986-08-11","","","","2023-05-30","","","Polish List of Persons and Entities Subject to Sanctions","2025-04-28T19:38:23","2025-04-28T19:38:23","2025-04-28T19:38:23"
"plmswia-osoby-bartash-sviatlana","Person","Sviatlana BARTASH","","1969-05-04","","","","2023-05-30","","","Polish List of Persons and Entities Subject to Sanctions","2025-04-28T19:38:23","2025-04-28T19:38:23","2025-04-28T19:38:23"
"plmswia-osoby-baskov-dmitri","Person","Dmitri BASKOV","","1978-08-25","","","","2023-05-30","","","Polish List of Persons and Entities Subject to Sanctions","2025-04-28T19:38:23","2025-04-28T19:38:23","2025-04-28T19:38:23"
"plmswia-osoby-batiuszko-aleksandr","Person","Aleksandr BATIUSZKO","","1994-03-23","","","","2023-05-30","","","Polish List of Persons and Entities Subject to Sanctions","2025-04-28T19:38:23","2025-04-28T19:38:23","2025-04-28T19:38:23"
"plmswia-osoby-beheba-valantsina","Person","Valantsina BEHEBA","","1968-05-18","","","","2023-05-30","","","Polish List of Persons and Entities Subject to Sanctions","2025-04-28T19:38:23","2025-04-28T19:38:23","2025-04-28T19:38:23"
"plmswia-osoby-belakoneu-aleh","Person","Aleh BELAKONEU","","1965-05-15","","","","2023-05-30","","","Polish List of Persons and Entities Subject to Sanctions","2025-04-28T19:38:23","2025-04-28T19:38:23","2025-04-28T19:38:23"
"plmswia-osoby-belov-alexey-belov-alexy","Person","Alexey BELOV","Alexy BELOV;BELOV Alexy","1963-11-15","ru","","63111513931","2022-05-13","","","Polish List of Persons and Entities Subject to Sanctions","2025-04-28T19:38:23","2025-04-28T19:38:23","2025-04-28T19:38:23"
"plmswia-osoby-beraziuk-sierhei","Person","Sierhei BERAZIUK","","1973-01-08","","","","2023-05-30","","","Polish List of Persons and Entities Subject to Sanctions","2025-04-28T19:38:23","2025-04-28T19:38:23","2025-04-28T19:38:23"
"plmswia-osoby-beshten-natallia","Person","Natallia BESHTEN","","1981-10-19","","","","2023-05-30","","","Polish List of Persons and Entities Subject to Sanctions","2025-04-28T19:38:23","2025-04-28T19:38:23","2025-04-28T19:38:23"
"plmswia-osoby-biaspaly-siarhei","Person","Siarhei BIASPALY","","1962-03-01","","","","2023-05-30","","","Polish List of Persons and Entities Subject to Sanctions","2025-04-28T19:38:23","2025-04-28T19:38:23","2025-04-28T19:38:23"
"plmswia-osoby-bielskij-walerij","Person","WALERIJ BIELSKIJ","","1968-10-30","","","","2023-05-30","","","Polish List of Persons and Entities Subject to Sanctions","2025-04-28T19:38:23","2025-04-28T19:38:23","2025-04-28T19:38:23"
"plmswia-osoby-biziuk-uladzimir","Person","Uladzimir BIZIUK","","1974-04-05","","","","2023-05-30","","","Polish List of Persons and Entities Subject to Sanctions","2025-04-28T19:38:23","2025-04-28T19:38:23","2025-04-28T19:38:23"
"plmswia-osoby-bizukoits-tatsiana","Person","Tatsiana BIZUKOITS","","1972-11-01","","","","2023-05-30","","","Polish List of Persons and Entities Subject to Sanctions","2025-04-28T19:38:23","2025-04-28T19:38:23","2025-04-28T19:38:23"
"plmswia-osoby-blizniuk-yuliya","Person","Yuliya BLIZNIUK","","1971-09-23","","","","2023-05-30","","","Polish List of Persons and Entities Subject to Sanctions","2025-04-28T19:38:23","2025-04-28T19:38:23","2025-04-28T19:38:23"
"plmswia-osoby-blotski-yury","Person","Yury BLOTSKI","","1987-10-28","","","","2023-05-30","","","Polish List of Persons and Entities Subject to Sanctions","2025-04-28T19:38:23","2025-04-28T19:38:23","2025-04-28T19:38:23"
"plmswia-osoby-bogatko-wadim","Person","Wadim BOGATKO","","1981-06-17","","","","2023-05-30","","","Polish List of Persons and Entities Subject to Sanctions","2025-04-28T19:38:23","2025-04-28T19:38:23","2025-04-28T19:38:23"
"plmswia-osoby-boyarskaya-daria","Person","Daria BOYARSKAYA","","1986-09-20","","","","2022-11-22","","","Polish List of Persons and Entities Subject to Sanctions","2025-04-28T19:38:23","2025-04-28T19:38:23","2025-04-28T19:38:23"
"plmswia-osoby-boyarskaya-elena","Person","Elena BOYARSKAYA","","1976-09-15","","","","2023-05-30","","","Polish List of Persons and Entities Subject to Sanctions","2025-04-28T19:38:23","2025-04-28T19:38:23","2025-04-28T19:38:23"
"plmswia-osoby-boyko-oleg","Person","Oleg BOYKO","","1964-09-28","","","","2024-12-13","","","Polish List of Persons and Entities Subject to Sanctions","2025-04-28T19:38:23","2025-04-28T19:38:23","2025-04-28T19:38:23"
"plmswia-osoby-bratanowa-swietlana","Person","Swietłana BRATANOWA","","1979-03-23","","","","2023-05-30","","","Polish List of Persons and Entities Subject to Sanctions","2025-04-28T19:38:23","2025-04-28T19:38:23","2025-04-28T19:38:23"
"plmswia-osoby-brazovsky-anatoly","Person","Anatoly BRAZOVSKY","","1983-07-25","","","","2023-05-30","","","Polish List of Persons and Entities Subject to Sanctions","2025-04-28T19:38:23","2025-04-28T19:38:23","2025-04-28T19:38:23"
"plmswia-osoby-briegan-jewgienij","Person","Jewgienij BRIEGAN","","1982-03-26","","","","2023-06-23","","","Polish List of Persons and Entities Subject to Sanctions","2025-04-28T19:38:23","2025-04-28T19:38:23","2025-04-28T19:38:23"
"plmswia-osoby-brych-leanid","Person","Leanid BRYCH","","1958-12-12","","","","2023-05-30","","","Polish List of Persons and Entities Subject to Sanctions","2025-04-28T19:38:23","2025-04-28T19:38:23","2025-04-28T19:38:23"
"plmswia-osoby-brych-viktar","Person","Viktar BRYCH","","1964-10-26","","","","2023-05-30","","","Polish List of Persons and Entities Subject to Sanctions","2025-04-28T19:38:23","2025-04-28T19:38:23","2025-04-28T19:38:23"
"plmswia-osoby-bubenchyk-dzmitry","Person","Dzmitry BUBENCHYK","","1985-07-15","","","","2023-05-30","","","Polish List of Persons and Entities Subject to Sanctions","2025-04-28T19:38:23","2025-04-28T19:38:23","2025-04-28T19:38:23"
"plmswia-osoby-buhuk-nataliia","Person","Nataliia BUHUK","","1989-12-19","","","","2023-05-30","","","Polish List of Persons and Entities Subject to Sanctions","2025-04-28T19:38:23","2025-04-28T19:38:23","2025-04-28T19:38:23"
"plmswia-osoby-buinouskaia-hanna","Person","Hanna BUINOUSKAIA","","1981-10-15","","","","2023-05-30","","","Polish List of Persons and Entities Subject to Sanctions","2025-04-28T19:38:23","2025-04-28T19:38:23","2025-04-28T19:38:23"
"plmswia-osoby-burunou-yauheni","Person","Yauheni BURUNOU","","1978-12-27","","","","2023-05-30","","","Polish List of Persons and Entities Subject to Sanctions","2025-04-28T19:38:23","2025-04-28T19:38:23","2025-04-28T19:38:23"
"plmswia-osoby-buryj-giennadij","Person","Giennadij BURYJ","","1963-01-04","","","","2023-05-30","","","Polish List of Persons and Entities Subject to Sanctions","2025-04-28T19:38:23","2025-04-28T19:38:23","2025-04-28T19:38:23"
"plmswia-osoby-chaichyts-viktar","Person","Viktar CHAICHYTS","","1960-08-24","","","","2023-05-30","","","Polish List of Persons and Entities Subject to Sanctions","2025-04-28T19:38:23","2025-04-28T19:38:23","2025-04-28T19:38:23"
"plmswia-osoby-chaika-katsiaryna","Person","Katsiaryna CHAIKA","","1984-10-22","","","","2023-05-30","","","Polish List of Persons and Entities Subject to Sanctions","2025-04-28T19:38:23","2025-04-28T19:38:23","2025-04-28T19:38:23"
"plmswia-osoby-charkashyna-liubov","Person","Liubov CHARKASHYNA","","1987-12-23","","","","2023-05-30","","","Polish List of Persons and Entities Subject to Sanctions","2025-04-28T19:38:23","2025-04-28T19:38:23","2025-04-28T19:38:23"
"plmswia-osoby-charniauskaya-zhanna","Person","Zhanna CHARNIAUSKAYA","","1971-07-18","","","","2023-05-30","","","Polish List of Persons and Entities Subject to Sanctions","2025-04-28T19:38:23","2025-04-28T19:38:23","2025-04-28T19:38:23"
"plmswia-osoby-cherapovich-sviatlana","Person","Sviatlana CHERAPOVICH","","1987-06-07","","","","2023-05-30","","","Polish List of Persons and Entities Subject to Sanctions","2025-04-28T19:38:23","2025-04-28T19:38:23","2025-04-28T19:38:23"
"plmswia-osoby-cherepanava-sviatlana","Person","Sviatlana CHEREPANAVA","","1972-10-04","","","","2023-05-30","","","Polish List of Persons and Entities Subject to Sanctions","2025-04-28T19:38:23","2025-04-28T19:38:23","2025-04-28T19:38:23"
"plmswia-osoby-czugai-dmitri","Person","Dmitri CZUGAI","","1972-02-10","","","","2023-05-30","","","Polish List of Persons and Entities Subject to Sanctions","2025-04-28T19:38:23","2025-04-28T19:38:23","2025-04-28T19:38:23"
"plmswia-osoby-danchanka-aliaksandr","Person","Aliaksandr DANCHANKA","","1964-06-18","","","","2023-05-30","","","Polish List of Persons and Entities Subject to Sanctions","2025-04-28T19:38:23","2025-04-28T19:38:23","2025-04-28T19:38:23"
"plmswia-osoby-danilovich-viachaslau","Person","Viachaslau DANILOVICH","","1973-11-21","","","","2023-05-30","","","Polish List of Persons and Entities Subject to Sanctions","2025-04-28T19:38:23","2025-04-28T19:38:23","2025-04-28T19:38:23"
"plmswia-osoby-dashko-anatol","Person","Anatol DASHKO","","1960-01-25","","","","2023-05-30","","","Polish List of Persons and Entities Subject to Sanctions","2025-04-28T19:38:23","2025-04-28T19:38:23","2025-04-28T19:38:23"
"plmswia-osoby-daudov-magomed-hozhakhmedovich","Person","Magomed Hozhakhmedovich DAUDOV","","1980-02-26","","","","2022-10-27","","","Polish List of Persons and Entities Subject to Sanctions","2025-04-28T19:38:23","2025-04-28T19:38:23","2025-04-28T19:38:23"
"plmswia-osoby-dauhashei-tamara","Person","Tamara DAUHASHEI","","1960-07-27","","","","2023-05-30","","","Polish List of Persons and Entities Subject to Sanctions","2025-04-28T19:38:23","2025-04-28T19:38:23","2025-04-28T19:38:23"
"plmswia-osoby-davidovich-hanna","Person","Hanna DAVIDOVICH","","1966-11-11","","","","2023-05-30","","","Polish List of Persons and Entities Subject to Sanctions","2025-04-28T19:38:23","2025-04-28T19:38:23","2025-04-28T19:38:23"
"plmswia-osoby-davydzka-henadz","Person","Henadz DAVYDZKA","","1955-09-29","","","","2023-05-30","","","Polish List of Persons and Entities Subject to Sanctions","2025-04-28T19:38:23","2025-04-28T19:38:23","2025-04-28T19:38:23"
"plmswia-osoby-deripaska-oleg","Person","Oleg DERIPASKA","","1968-01-02","","","","2022-04-26","","","Polish List of Persons and Entities Subject to Sanctions","2025-04-28T19:38:23","2025-04-28T19:38:23","2025-04-28T19:38:23"
"plmswia-osoby-diemidowicz-wasilij","Person","Wasilij DIEMIDOWICZ","","1961-12-24","","","","2023-05-30","","","Polish List of Persons and Entities Subject to Sanctions","2025-04-28T19:38:23","2025-04-28T19:38:23","2025-04-28T19:38:23"
"plmswia-osoby-douhala-iryna","Person","Iryna DOUHALA","","1967-03-08","","","","2023-05-30","","","Polish List of Persons and Entities Subject to Sanctions","2025-04-28T19:38:23","2025-04-28T19:38:23","2025-04-28T19:38:23"
"plmswia-osoby-dovgalenok-dmitri","Person","Dmitri DOVGALENOK","","1971-12-14","","","","2023-05-30","","","Polish List of Persons and Entities Subject to Sanctions","2025-04-28T19:38:23","2025-04-28T19:38:23","2025-04-28T19:38:23"
"plmswia-osoby-drozd-iryna","Person","Iryna DROZD","","1965-02-24","","","","2023-05-30","","","Polish List of Persons and Entities Subject to Sanctions","2025-04-28T19:38:23","2025-04-28T19:38:23","2025-04-28T19:38:23"
"plmswia-osoby-drozdovsky-konstantin","Person","Konstantin DROZDOVSKY","","1974-05-26","","","","2022-11-22","","","Polish List of Persons and Entities Subject to Sanctions","2025-04-28T19:38:23","2025-04-28T19:38:23","2025-04-28T19:38:23"
"plmswia-osoby-dubau-aliaksandr","Person","Aliaksandr DUBAU","","1955-04-11","","","","2023-05-30","","","Polish List of Persons and Entities Subject to Sanctions","2025-04-28T19:38:23","2025-04-28T19:38:23","2025-04-28T19:38:23"
"plmswia-osoby-dumbadze-tenhiz","Person","Tenhiz DUMBADZE","","1964-07-07","","","","2023-05-30","","","Polish List of Persons and Entities Subject to Sanctions","2025-04-28T19:38:23","2025-04-28T19:38:23","2025-04-28T19:38:23"
"plmswia-osoby-durnou-viacheslau","Person","Viacheslau DURNOU","","1967-01-09","","","","2023-05-30","","","Polish List of Persons and Entities Subject to Sanctions","2025-04-28T19:38:23","2025-04-28T19:38:23","2025-04-28T19:38:23"
"plmswia-osoby-dyszczenko-dzianis","Person","Dzianis DYSZCZENKO","","1982-10-14","","","","2023-05-30","","","Polish List of Persons and Entities Subject to Sanctions","2025-04-28T19:38:23","2025-04-28T19:38:23","2025-04-28T19:38:23"
"plmswia-osoby-dzerman-aleksey","Person","Aleksey DZERMAN","","1979-06-04","","","","2023-05-30","","","Polish List of Persons and Entities Subject to Sanctions","2025-04-28T19:38:23","2025-04-28T19:38:23","2025-04-28T19:38:23"
"plmswia-osoby-dziachenka-aleh","Person","Aleh DZIACHENKA","","1971-06-14","","","","2023-05-30","","","Polish List of Persons and Entities Subject to Sanctions","2025-04-28T19:38:23","2025-04-28T19:38:23","2025-04-28T19:38:23"
"plmswia-osoby-dziamidau-zmitser","Person","Zmitser DZIAMIDAU","","1975-12-11","","","","2023-05-30","","","Polish List of Persons and Entities Subject to Sanctions","2025-04-28T19:38:23","2025-04-28T19:38:23","2025-04-28T19:38:23"
"plmswia-osoby-dziarkach-yuryi","Person","Yuryi DZIARKACH","","1962-08-05","","","","2023-05-30","","","Polish List of Persons and Entities Subject to Sanctions","2025-04-28T19:38:23","2025-04-28T19:38:23","2025-04-28T19:38:23"
"plmswia-osoby-dzik-siarhei","Person","Siarhei DZIK","","1956-03-10","","","","2023-05-30","","","Polish List of Persons and Entities Subject to Sanctions","2025-04-28T19:38:23","2025-04-28T19:38:23","2025-04-28T19:38:23"
"plmswia-osoby-edelbiev-baysangur","Person","Baysangur EDELBIEV","","1989-12-02","","","","2023-05-30","","","Polish List of Persons and Entities Subject to Sanctions","2025-04-28T19:38:23","2025-04-28T19:38:23","2025-04-28T19:38:23"
"plmswia-osoby-edelbiev-isa","Person","Isa EDELBIEV","","1957-12-10","","","","2023-05-30","","","Polish List of Persons and Entities Subject to Sanctions","2025-04-28T19:38:23","2025-04-28T19:38:23","2025-04-28T19:38:23"
"plmswia-osoby-edelbiev-khazhbi","Person","Khazhbi EDELBIEV","","1996-02-09","","","","2023-05-30","","","Polish List of Persons and Entities Subject to Sanctions","2025-04-28T19:38:23","2025-04-28T19:38:23","2025-04-28T19:38:23"
"plmswia-osoby-edelbieva-diana","Person","Diana EDELBIEVA","","1991-10-13","","","","2023-05-30","","","Polish List of Persons and Entities Subject to Sanctions","2025-04-28T19:38:23","2025-04-28T19:38:23","2025-04-28T19:38:23"
"plmswia-osoby-ejsmont-iwan","Person","Iwan EJSMONT","","1977-01-20","","","","2023-05-30","","","Polish List of Persons and Entities Subject to Sanctions","2025-04-28T19:38:23","2025-04-28T19:38:23","2025-04-28T19:38:23"
"plmswia-osoby-ejsmont-natialia","Person","Natialia EJSMONT","","1984-02-16","","","","2023-05-30","","","Polish List of Persons and Entities Subject to Sanctions","2025-04-28T19:38:23","2025-04-28T19:38:23","2025-04-28T19:38:23"
"plmswia-osoby-fedorchenko-oleg","Person","Oleg FEDORCHENKO","","1974-06-28","","","","2023-05-30","","","Polish List of Persons and Entities Subject to Sanctions","2025-04-28T19:38:23","2025-04-28T19:38:23","2025-04-28T19:38:23"
"plmswia-osoby-filonik-wiera","Person","Wiera FILONIK","","1990-03-08","","","","2023-06-23","","","Polish List of Persons and Entities Subject to Sanctions","2025-04-28T19:38:23","2025-04-28T19:38:23","2025-04-28T19:38:23"
"plmswia-osoby-firtash-dmytro","Person","Dmytro FIRTASH","","1965-05-02","","","","2024-06-26","","","Polish List of Persons and Entities Subject to Sanctions","2025-04-28T19:38:23","2025-04-28T19:38:23","2025-04-28T19:38:23"
"plmswia-osoby-fridman-michail","Person","Michaił FRIDMAN","","1964-04-21","","","","2022-04-26","","","Polish List of Persons and Entities Subject to Sanctions","2025-04-28T19:38:23","2025-04-28T19:38:23","2025-04-28T19:38:23"
"plmswia-osoby-frolova-ellada","Person","Ellada FROLOVA","","1968-09-16","","","","2022-11-22","","","Polish List of Persons and Entities Subject to Sanctions","2025-04-28T19:38:23","2025-04-28T19:38:23","2025-04-28T19:38:23"
"plmswia-osoby-gajduczyk-witalij","Person","Witalij GAJDUCZYK","","1988-01-12","","","","2023-05-30","","","Polish List of Persons and Entities Subject to Sanctions","2025-04-28T19:38:23","2025-04-28T19:38:23","2025-04-28T19:38:23"
"plmswia-osoby-ganczarik-dzimitryj","Person","Dzimitryj GANCZARIK","","1983-07-24","","","","2023-05-30","","","Polish List of Persons and Entities Subject to Sanctions","2025-04-28T19:38:23","2025-04-28T19:38:23","2025-04-28T19:38:23"
"plmswia-osoby-gladyszew-nikita","Person","Nikita GŁADYSZEW","","1995-07-21","","","","2023-05-30","","","Polish List of Persons and Entities Subject to Sanctions","2025-04-28T19:38:23","2025-04-28T19:38:23","2025-04-28T19:38:23"
"plmswia-osoby-gladyszewa-galina","Person","Galina GŁADYSZEWA","","1975-10-14","","","","2023-05-30","","","Polish List of Persons and Entities Subject to Sanctions","2025-04-28T19:38:23","2025-04-28T19:38:23","2025-04-28T19:38:23"
"plmswia-osoby-gorenchuk-aleksandr","Person","Aleksandr GORENCHUK","","1974-08-07","","","","2023-05-30","","","Polish List of Persons and Entities Subject to Sanctions","2025-04-28T19:38:23","2025-04-28T19:38:23","2025-04-28T19:38:23"
"plmswia-osoby-gorval-svetlana","Person","Svetlana GORVAL","","1986-08-25","","","","2022-11-22","","","Polish List of Persons and Entities Subject to Sanctions","2025-04-28T19:38:23","2025-04-28T19:38:23","2025-04-28T19:38:23"
"plmswia-osoby-grankowskij-aleksandr","Person","ALEKSANDR GRANKOWSKIJ","","1963-11-09","","","","2023-05-30","","","Polish List of Persons and Entities Subject to Sanctions","2025-04-28T19:38:23","2025-04-28T19:38:23","2025-04-28T19:38:23"
"plmswia-osoby-grigorowicz-nikolaj","Person","Nikołaj GRIGOROWICZ","","1958-11-24","","","","2023-06-23","","","Polish List of Persons and Entities Subject to Sanctions","2025-04-28T19:38:23","2025-04-28T19:38:23","2025-04-28T19:38:23"
"plmswia-osoby-grigoryev-grigory","Person","Grigory GRIGORYEV","","1977-09-19","","","","2023-07-22","","","Polish List of Persons and Entities Subject to Sanctions","2025-04-28T19:38:23","2025-04-28T19:38:23","2025-04-28T19:38:23"
"plmswia-osoby-gromoglasova-elizaveta","Person","Elizaveta GROMOGLASOVA","","1982-09-26","","","","2022-11-22","","","Polish List of Persons and Entities Subject to Sanctions","2025-04-28T19:38:23","2025-04-28T19:38:23","2025-04-28T19:38:23"
"plmswia-osoby-gruszko-andriej","Person","Andriej GRUSZKO","","1979-01-24","","","","2023-05-30","","","Polish List of Persons and Entities Subject to Sanctions","2025-04-28T19:38:23","2025-04-28T19:38:23","2025-04-28T19:38:23"
"plmswia-osoby-gucerjew-michail","Person","Michaił GUCERJEW","","1958-03-09","","","","2022-04-26","","","Polish List of Persons and Entities Subject to Sanctions","2025-04-28T19:38:23","2025-04-28T19:38:23","2025-04-28T19:38:23"
"plmswia-osoby-gucerjew-sait-salam","Person","Sait-Salam GUCERJEW","","1959-07-25","","","","2022-04-26","","","Polish List of Persons and Entities Subject to Sanctions","2025-04-28T19:38:23","2025-04-28T19:38:23","2025-04-28T19:38:23"
"plmswia-osoby-haiduk-aksana","Person","Aksana HAIDUK","","1974-02-06","","","","2023-05-30","","","Polish List of Persons and Entities Subject to Sanctions","2025-04-28T19:38:23","2025-04-28T19:38:23","2025-04-28T19:38:23"
"plmswia-osoby-haidukevich-aleh","Person","Aleh HAIDUKEVICH","","1977-03-26","","","","2023-05-30","","","Polish List of Persons and Entities Subject to Sanctions","2025-04-28T19:38:23","2025-04-28T19:38:23","2025-04-28T19:38:23"
"plmswia-osoby-haidukevich-valeryi","Person","Valeryi HAIDUKEVICH","","1953-01-19","","","","2023-05-30","","","Polish List of Persons and Entities Subject to Sanctions","2025-04-28T19:38:23","2025-04-28T19:38:23","2025-04-28T19:38:23"
"plmswia-osoby-halavaty-ivan","Person","Ivan HALAVATY","","1976-06-15","","","","2023-05-30","","","Polish List of Persons and Entities Subject to Sanctions","2025-04-28T19:38:23","2025-04-28T19:38:23","2025-04-28T19:38:23"
"plmswia-osoby-halkina-katsiaryna","Person","Katsiaryna HALKINA","","1997-02-25","","","","2023-05-30","","","Polish List of Persons and Entities Subject to Sanctions","2025-04-28T19:38:23","2025-04-28T19:38:23","2025-04-28T19:38:23"
"plmswia-osoby-haluza-yury","Person","Yury HALUZA","","1964-07-06","","","","2023-05-30","","","Polish List of Persons and Entities Subject to Sanctions","2025-04-28T19:38:23","2025-04-28T19:38:23","2025-04-28T19:38:23"
"plmswia-osoby-hanchuk-andrei","Person","Andrei HANCHUK","","1979-03-20","","","","2023-05-30","","","Polish List of Persons and Entities Subject to Sanctions","2025-04-28T19:38:23","2025-04-28T19:38:23","2025-04-28T19:38:23"
"plmswia-osoby-hardzei-andrei","Person","Andrei HARDZEI","","1986-08-20","","","","2023-05-30","","","Polish List of Persons and Entities Subject to Sanctions","2025-04-28T19:38:23","2025-04-28T19:38:23","2025-04-28T19:38:23"
"plmswia-osoby-hardzeichyk-ivan","Person","Ivan HARDZEICHYK","","1957-10-20","","","","2023-05-30","","","Polish List of Persons and Entities Subject to Sanctions","2025-04-28T19:38:23","2025-04-28T19:38:23","2025-04-28T19:38:23"
"plmswia-osoby-harunovich-zhana","Person","Zhana HARUNOVICH","","1970-07-19","","","","2023-05-30","","","Polish List of Persons and Entities Subject to Sanctions","2025-04-28T19:38:23","2025-04-28T19:38:23","2025-04-28T19:38:23"
"plmswia-osoby-hatsko-uladzimir","Person","Uladzimir HATSKO","","1970-09-11","","","","2023-05-30","","","Polish List of Persons and Entities Subject to Sanctions","2025-04-28T19:38:23","2025-04-28T19:38:23","2025-04-28T19:38:23"
"plmswia-osoby-hedzich-ihar","Person","Ihar HEDZICH","","1971-01-09","","","","2023-05-30","","","Polish List of Persons and Entities Subject to Sanctions","2025-04-28T19:38:23","2025-04-28T19:38:23","2025-04-28T19:38:23"
"plmswia-osoby-hershhoryn-uladzislau","Person","Uladzislau HERSHHORYN","","1977-08-19","","","","2023-05-30","","","Polish List of Persons and Entities Subject to Sanctions","2025-04-28T19:38:23","2025-04-28T19:38:23","2025-04-28T19:38:23"
"plmswia-osoby-hihin-vadzim","Person","Vadzim HIHIN","","1977-10-21","","","","2023-05-30","","","Polish List of Persons and Entities Subject to Sanctions","2025-04-28T19:38:23","2025-04-28T19:38:23","2025-04-28T19:38:23"
"plmswia-osoby-hladki-mikalay","Person","Mikalay HLADKI","","1983-02-04","","","","2023-05-30","","","Polish List of Persons and Entities Subject to Sanctions","2025-04-28T19:38:23","2025-04-28T19:38:23","2025-04-28T19:38:23"
"plmswia-osoby-hleb-aleksandr","Person","Aleksandr HLEB","","1981-05-01","","","","2023-05-30","","","Polish List of Persons and Entities Subject to Sanctions","2025-04-28T19:38:23","2025-04-28T19:38:23","2025-04-28T19:38:23"
"plmswia-osoby-holub-natallia","Person","Natallia HOLUB","","1987-06-21","","","","2023-05-30","","","Polish List of Persons and Entities Subject to Sanctions","2025-04-28T19:38:23","2025-04-28T19:38:23","2025-04-28T19:38:23"
"plmswia-osoby-horbach-andrei","Person","Andrei HORBACH","","1975-05-10","","","","2023-05-30","","","Polish List of Persons and Entities Subject to Sanctions","2025-04-28T19:38:23","2025-04-28T19:38:23","2025-04-28T19:38:23"
"plmswia-osoby-hrynko-liudmila","Person","Liudmila HRYNKO","","1981-10-12","","","","2023-05-30","","","Polish List of Persons and Entities Subject to Sanctions","2025-04-28T19:38:23","2025-04-28T19:38:23","2025-04-28T19:38:23"
"plmswia-osoby-iankouski-henadz","Person","Henadz IANKOUSKI","","1964-04-09","","","","2023-05-30","","","Polish List of Persons and Entities Subject to Sanctions","2025-04-28T19:38:23","2025-04-28T19:38:23","2025-04-28T19:38:23"
"plmswia-osoby-iarokhina-maryia","Person","Maryia IAROKHINA","","1987-07-04","","","","2023-05-30","","","Polish List of Persons and Entities Subject to Sanctions","2025-04-28T19:38:23","2025-04-28T19:38:23","2025-04-28T19:38:23"
"plmswia-osoby-ilina-maryna","Person","Maryna ILINA","","1970-11-30","","","","2023-05-30","","","Polish List of Persons and Entities Subject to Sanctions","2025-04-28T19:38:23","2025-04-28T19:38:23","2025-04-28T19:38:23"
"plmswia-osoby-inchyna-yuliya","Person","Yuliya INCHYNA","","1992-02-06","","","","2023-05-30","","","Polish List of Persons and Entities Subject to Sanctions","2025-04-28T19:38:23","2025-04-28T19:38:23","2025-04-28T19:38:23"
"plmswia-osoby-isachenka-anatol","Person","Anatol ISACHENKA","","1966-03-15","","","","2023-05-30","","","Polish List of Persons and Entities Subject to Sanctions","2025-04-28T19:38:23","2025-04-28T19:38:23","2025-04-28T19:38:23"
"plmswia-osoby-ivanets-andrei","Person","Andrei IVANETS","","1984-09-17","","","","2023-05-30","","","Polish List of Persons and Entities Subject to Sanctions","2025-04-28T19:38:23","2025-04-28T19:38:23","2025-04-28T19:38:23"
"plmswia-osoby-ivlev-alexander","Person","Alexander IVLEV","","1973-05-26","","","","2023-05-30","","","Polish List of Persons and Entities Subject to Sanctions","2025-04-28T19:38:23","2025-04-28T19:38:23","2025-04-28T19:38:23"
"plmswia-osoby-jaroszik-andriej","Person","Andriej JAROSZIK","","1972-12-17","","","","2023-05-30","","","Polish List of Persons and Entities Subject to Sanctions","2025-04-28T19:38:23","2025-04-28T19:38:23","2025-04-28T19:38:23"
"plmswia-osoby-jewsijewicz-aleksandr","Person","Aleksandr JEWSIJEWICZ","","1981-12-13","","","","2023-05-30","","","Polish List of Persons and Entities Subject to Sanctions","2025-04-28T19:38:23","2025-04-28T19:38:23","2025-04-28T19:38:23"
"plmswia-osoby-kaberskaya-tatsiana","Person","Tatsiana KABERSKAYA","","1980-05-17","","","","2023-05-30","","","Polish List of Persons and Entities Subject to Sanctions","2025-04-28T19:38:23","2025-04-28T19:38:23","2025-04-28T19:38:23"
"plmswia-osoby-kachanava-natallia","Person","Natallia KACHANAVA","","1960-09-25","","","","2023-05-30","","","Polish List of Persons and Entities Subject to Sanctions","2025-04-28T19:38:23","2025-04-28T19:38:23","2025-04-28T19:38:23"
"plmswia-osoby-kalesniova-alena","Person","Alena KALESNIOVA","","1967-08-07","","","","2023-05-30","","","Polish List of Persons and Entities Subject to Sanctions","2025-04-28T19:38:23","2025-04-28T19:38:23","2025-04-28T19:38:23"
"plmswia-osoby-kaliada-aleh","Person","Aleh KALIADA","","1965-01-01","","","","2023-05-30","","","Polish List of Persons and Entities Subject to Sanctions","2025-04-28T19:38:23","2025-04-28T19:38:23","2025-04-28T19:38:23"
"plmswia-osoby-kaliada-siarhei","Person","Siarhei KALIADA","","1959-12-30","","","","2023-05-30","","","Polish List of Persons and Entities Subject to Sanctions","2025-04-28T19:38:23","2025-04-28T19:38:23","2025-04-28T19:38:23"
"plmswia-osoby-kamarouski-ihar","Person","Ihar KAMAROUSKI","","1971-01-07","","","","2023-05-30","","","Polish List of Persons and Entities Subject to Sanctions","2025-04-28T19:38:23","2025-04-28T19:38:23","2025-04-28T19:38:23"
"plmswia-osoby-kamornik-petr","Person","Petr KAMORNIK","","1958-04-05","","","","2023-05-30","","","Polish List of Persons and Entities Subject to Sanctions","2025-04-28T19:38:23","2025-04-28T19:38:23","2025-04-28T19:38:23"
"plmswia-osoby-kananovich-liudmila","Person","Liudmila KANANOVICH","","1966-12-03","","","","2023-05-30","","","Polish List of Persons and Entities Subject to Sanctions","2025-04-28T19:38:23","2025-04-28T19:38:23","2025-04-28T19:38:23"
"plmswia-osoby-kananovich-yauheni","Person","Yauheni KANANOVICH","","1973-01-11","","","","2023-05-30","","","Polish List of Persons and Entities Subject to Sanctions","2025-04-28T19:38:23","2025-04-28T19:38:23","2025-04-28T19:38:23"
"plmswia-osoby-kanaplyou-uladzimir","Person","Uladzimir KANAPLYOU","","1954-01-03","","","","2023-05-30","","","Polish List of Persons and Entities Subject to Sanctions","2025-04-28T19:38:23","2025-04-28T19:38:23","2025-04-28T19:38:23"
"plmswia-osoby-kantor-wiaczeslaw-mosze","Person","Wiaczesław Mosze KANTOR","","1953-09-08","","","","2022-04-26","","","Polish List of Persons and Entities Subject to Sanctions","2025-04-28T19:38:23","2025-04-28T19:38:23","2025-04-28T19:38:23"
"plmswia-osoby-kaptsevich-alena","Person","Alena KAPTSEVICH","","1978-06-11","","","","2023-05-30","","","Polish List of Persons and Entities Subject to Sanctions","2025-04-28T19:38:23","2025-04-28T19:38:23","2025-04-28T19:38:23"
"plmswia-osoby-kaputskaya-kalina","Person","Kalina KAPUTSKAYA","","1975-02-16","","","","2023-05-30","","","Polish List of Persons and Entities Subject to Sanctions","2025-04-28T19:38:23","2025-04-28T19:38:23","2025-04-28T19:38:23"
"plmswia-osoby-karaev-jurij","Person","Jurij KARAEV","","1966-06-21","","","","2023-05-30","","","Polish List of Persons and Entities Subject to Sanctions","2025-04-28T19:38:23","2025-04-28T19:38:23","2025-04-28T19:38:23"
"plmswia-osoby-karankova-alena","Person","Alena KARANKOVA","","1982-06-11","","","","2023-05-30","","","Polish List of Persons and Entities Subject to Sanctions","2025-04-28T19:38:23","2025-04-28T19:38:23","2025-04-28T19:38:23"
"plmswia-osoby-karas-denis","Person","Denis KARAS","","1978-08-18","","","","2022-11-22","","","Polish List of Persons and Entities Subject to Sanctions","2025-04-28T19:38:23","2025-04-28T19:38:23","2025-04-28T19:38:23"
"plmswia-osoby-karota-dzmitry","Person","Dzmitry KAROTA","","1983-12-04","","","","2023-05-30","","","Polish List of Persons and Entities Subject to Sanctions","2025-04-28T19:38:23","2025-04-28T19:38:23","2025-04-28T19:38:23"
"plmswia-osoby-karpitski-aliaksandr","Person","Aliaksandr KARPITSKI","","1960-06-28","","","","2023-05-30","","","Polish List of Persons and Entities Subject to Sanctions","2025-04-28T19:38:23","2025-04-28T19:38:23","2025-04-28T19:38:23"
"plmswia-osoby-karseka-sergey","Person","Sergey KARSEKA","","1964-06-09","","","","2022-11-22","","","Polish List of Persons and Entities Subject to Sanctions","2025-04-28T19:38:23","2025-04-28T19:38:23","2025-04-28T19:38:23"
"plmswia-osoby-karsiuk-dzmitry","Person","Dzmitry KARSIUK","","1995-07-07","","","","2023-05-30","","","Polish List of Persons and Entities Subject to Sanctions","2025-04-28T19:38:23","2025-04-28T19:38:23","2025-04-28T19:38:23"
"plmswia-osoby-kaska-ihar","Person","Ihar KASKA","","1971-02-13","","","","2023-05-30","","","Polish List of Persons and Entities Subject to Sanctions","2025-04-28T19:38:23","2025-04-28T19:38:23","2025-04-28T19:38:23"
"plmswia-osoby-kaspierski-jewgienij","Person","Jewgienij KASPIERSKI","","1965-10-04","","","","2022-04-26","","","Polish List of Persons and Entities Subject to Sanctions","2025-04-28T19:38:23","2025-04-28T19:38:23","2025-04-28T19:38:23"
"plmswia-osoby-kastsiukevich-anzhela","Person","Anzhela KASTSIUKEVICH","","1986-08-15","","","","2023-05-30","","","Polish List of Persons and Entities Subject to Sanctions","2025-04-28T19:38:23","2025-04-28T19:38:23","2025-04-28T19:38:23"
"plmswia-osoby-katovich-uladzimir","Person","Uladzimir KATOVICH","","1962-12-08","","","","2023-05-30","","","Polish List of Persons and Entities Subject to Sanctions","2025-04-28T19:38:23","2025-04-28T19:38:23","2025-04-28T19:38:23"
"plmswia-osoby-katser-siarhei","Person","Siarhei KATSER","","1982-12-25","","","","2023-05-30","","","Polish List of Persons and Entities Subject to Sanctions","2025-04-28T19:38:23","2025-04-28T19:38:23","2025-04-28T19:38:23"
"plmswia-osoby-kavalenia-aliaksandr","Person","Aliaksandr KAVALENIA","","1946-03-14","","","","2023-05-30","","","Polish List of Persons and Entities Subject to Sanctions","2025-04-28T19:38:23","2025-04-28T19:38:23","2025-04-28T19:38:23"
"plmswia-osoby-kazakou-kiryl","Person","Kiryl KAZAKOU","","1979-08-23","","","","2023-05-30","","","Polish List of Persons and Entities Subject to Sanctions","2025-04-28T19:38:23","2025-04-28T19:38:23","2025-04-28T19:38:23"
"plmswia-osoby-kazlouski-aliaksandr","Person","Aliaksandr KAZLOUSKI","","1976-06-17","","","","2023-05-30","","","Polish List of Persons and Entities Subject to Sanctions","2025-04-28T19:38:23","2025-04-28T19:38:23","2025-04-28T19:38:23"
"plmswia-osoby-khamiantouski-siarhei","Person","Siarhei KHAMIANTOUSKI","","1978-10-28","","","","2023-05-30","","","Polish List of Persons and Entities Subject to Sanctions","2025-04-28T19:38:23","2025-04-28T19:38:23","2025-04-28T19:38:23"
"plmswia-osoby-kharoshka-aleh","Person","Aleh KHAROSHKA","","1977-05-22","","","","2023-05-30","","","Polish List of Persons and Entities Subject to Sanctions","2025-04-28T19:38:23","2025-04-28T19:38:23","2025-04-28T19:38:23"
"plmswia-osoby-khilinski-stanislau","Person","Stanislau KHILINSKI","","1970-01-12","","","","2023-05-30","","","Polish List of Persons and Entities Subject to Sanctions","2025-04-28T19:38:23","2025-04-28T19:38:23","2025-04-28T19:38:23"
"plmswia-osoby-khlabukin-ihar","Person","Ihar KHLABUKIN","","1973-06-08","","","","2023-05-30","","","Polish List of Persons and Entities Subject to Sanctions","2025-04-28T19:38:23","2025-04-28T19:38:23","2025-04-28T19:38:23"
"plmswia-osoby-khoma-mikhail","Person","Mikhail KHOMA","","1979-02-17","","","","2023-05-30","","","Polish List of Persons and Entities Subject to Sanctions","2025-04-28T19:38:23","2025-04-28T19:38:23","2025-04-28T19:38:23"
"plmswia-osoby-khralenka-uladzimir","Person","Uladzimir KHRALENKA","","1963-09-22","","","","2023-05-30","","","Polish List of Persons and Entities Subject to Sanctions","2025-04-28T19:38:23","2025-04-28T19:38:23","2025-04-28T19:38:23"
"plmswia-osoby-khvainitskaia-zhanna","Person","Zhanna KHVAINITSKAIA","","1973-01-07","","","","2023-05-30","","","Polish List of Persons and Entities Subject to Sanctions","2025-04-28T19:38:23","2025-04-28T19:38:23","2025-04-28T19:38:23"
"plmswia-osoby-kiryak-liliya","Person","Liliya KIRYAK","","1967-12-04","","","","2023-05-30","","","Polish List of Persons and Entities Subject to Sanctions","2025-04-28T19:38:23","2025-04-28T19:38:23","2025-04-28T19:38:23"
"plmswia-osoby-kisliak-denis","Person","Denis KISLIAK","","1981-05-19","","","","2023-05-30","","","Polish List of Persons and Entities Subject to Sanctions","2025-04-28T19:38:23","2025-04-28T19:38:23","2025-04-28T19:38:23"
"plmswia-osoby-klimchuk-maryna","Person","Maryna KLIMCHUK","","1993-03-27","","","","2023-05-30","","","Polish List of Persons and Entities Subject to Sanctions","2025-04-28T19:38:23","2025-04-28T19:38:23","2025-04-28T19:38:23"
"plmswia-osoby-klishevich-siarhei","Person","SIARHEI KLISHEVICH","","1990-09-23","","","","2023-05-30","","","Polish List of Persons and Entities Subject to Sanctions","2025-04-28T19:38:23","2025-04-28T19:38:23","2025-04-28T19:38:23"
"plmswia-osoby-klyszeuski-andrei","Person","Andrei KLYSZEUSKI","","1984-09-06","","","","2023-05-30","","","Polish List of Persons and Entities Subject to Sanctions","2025-04-28T19:38:23","2025-04-28T19:38:23","2025-04-28T19:38:23"
"plmswia-osoby-kochyk-aliaksandr","Person","Aliaksandr KOCHYK","","1977-04-24","","","","2023-05-30","","","Polish List of Persons and Entities Subject to Sanctions","2025-04-28T19:38:23","2025-04-28T19:38:23","2025-04-28T19:38:23"
"plmswia-osoby-kolabau-anton","Person","Anton KOLABAU","","1987-12-07","","","","2023-05-30","","","Polish List of Persons and Entities Subject to Sanctions","2025-04-28T19:38:23","2025-04-28T19:38:23","2025-04-28T19:38:23"
"plmswia-osoby-kolesnikov-sergey","Person","Sergey KOLESNIKOV","","1972-02-25","","","","2023-05-30","","","Polish List of Persons and Entities Subject to Sanctions","2025-04-28T19:38:23","2025-04-28T19:38:23","2025-04-28T19:38:23"
"plmswia-osoby-korda-dzianis","Person","Dzianis KORDA","","1992-02-17","","","","2023-05-30","","","Polish List of Persons and Entities Subject to Sanctions","2025-04-28T19:38:23","2025-04-28T19:38:23","2025-04-28T19:38:23"
"plmswia-osoby-kostiouk-evgueni","Person","Evgueni KOSTIOUK","","1954-06-13","","","","2023-05-30","","","Polish List of Persons and Entities Subject to Sanctions","2025-04-28T19:38:23","2025-04-28T19:38:23","2025-04-28T19:38:23"
"plmswia-osoby-kovalchuk-sergey","Person","Sergey KOVALCHUK","","1968-08-14","","","","2023-05-30","","","Polish List of Persons and Entities Subject to Sanctions","2025-04-28T19:38:23","2025-04-28T19:38:23","2025-04-28T19:38:23"
"plmswia-osoby-krachak-ina","Person","Ina KRACHAK","","1964-07-18","","","","2023-05-30","","","Polish List of Persons and Entities Subject to Sanctions","2025-04-28T19:38:23","2025-04-28T19:38:23","2025-04-28T19:38:23"
"plmswia-osoby-kralevich-iryna","Person","Iryna KRALEVICH","","1965-05-12","","","","2023-05-30","","","Polish List of Persons and Entities Subject to Sanctions","2025-04-28T19:38:23","2025-04-28T19:38:23","2025-04-28T19:38:23"
"plmswia-osoby-krautsou-siarhei","Person","Siarhei KRAUTSOU","","1975-06-12","","","","2023-05-30","","","Polish List of Persons and Entities Subject to Sanctions","2025-04-28T19:38:23","2025-04-28T19:38:23","2025-04-28T19:38:23"
"plmswia-osoby-krech-volha","Person","Volha KRECH","","1969-04-25","","","","2023-05-30","","","Polish List of Persons and Entities Subject to Sanctions","2025-04-28T19:38:23","2025-04-28T19:38:23","2025-04-28T19:38:23"
"plmswia-osoby-kremianeuskaya-sviatlana","Person","Sviatlana KREMIANEUSKAYA","","1966-07-16","","","","2023-05-30","","","Polish List of Persons and Entities Subject to Sanctions","2025-04-28T19:38:23","2025-04-28T19:38:23","2025-04-28T19:38:23"
"plmswia-osoby-kryvasheyeu-andrei","Person","Andrei KRYVASHEYEU","","1981-12-02","","","","2023-05-30","","","Polish List of Persons and Entities Subject to Sanctions","2025-04-28T19:38:23","2025-04-28T19:38:23","2025-04-28T19:38:23"
"plmswia-osoby-kryvela-dzmitry","Person","Dzmitry KRYVELA","","1994-01-22","","","","2023-05-30","","","Polish List of Persons and Entities Subject to Sanctions","2025-04-28T19:38:23","2025-04-28T19:38:23","2025-04-28T19:38:23"
"plmswia-osoby-kukharonok-ruslan","Person","Rusłan KUKHARONOK","","1982-12-30","","","","2023-05-30","","","Polish List of Persons and Entities Subject to Sanctions","2025-04-28T19:38:23","2025-04-28T19:38:23","2025-04-28T19:38:23"
"plmswia-osoby-kulichkova-vera","Person","Vera KULICHKOVA","","1973-11-04","","","","2023-05-30","","","Polish List of Persons and Entities Subject to Sanctions","2025-04-28T19:38:23","2025-04-28T19:38:23","2025-04-28T19:38:23"
"plmswia-osoby-kulik-anastasiya","Person","Anastasiya KULIK","","1989-07-28","","","","2023-05-30","","","Polish List of Persons and Entities Subject to Sanctions","2025-04-28T19:38:23","2025-04-28T19:38:23","2025-04-28T19:38:23"
"plmswia-osoby-kunts-uladzimir","Person","Uladzimir KUNTS","","1970-12-29","","","","2023-05-30","","","Polish List of Persons and Entities Subject to Sanctions","2025-04-28T19:38:23","2025-04-28T19:38:23","2025-04-28T19:38:23"
"plmswia-osoby-kurouski-dzmitryi","Person","Dzmitryi KUROUSKI","","1989-05-16","","","","2023-05-30","","","Polish List of Persons and Entities Subject to Sanctions","2025-04-28T19:38:23","2025-04-28T19:38:23","2025-04-28T19:38:23"
"plmswia-osoby-kursevich-valiantsina","Person","Valiantsina KURSEVICH","","1965-05-13","","","","2023-05-30","","","Polish List of Persons and Entities Subject to Sanctions","2025-04-28T19:38:23","2025-04-28T19:38:23","2025-04-28T19:38:23"
"plmswia-osoby-kushnarenka-aliaksei","Person","Aliaksei KUSHNARENKA","","1975-08-08","","","","2023-05-30","","","Polish List of Persons and Entities Subject to Sanctions","2025-04-28T19:38:23","2025-04-28T19:38:23","2025-04-28T19:38:23"
"plmswia-osoby-kviatkevich-mikalay","Person","Mikalay KVIATKEVICH","","1958-05-25","","","","2023-05-30","","","Polish List of Persons and Entities Subject to Sanctions","2025-04-28T19:38:23","2025-04-28T19:38:23","2025-04-28T19:38:23"
"plmswia-osoby-kwasza-andriej","Person","Andriej KWASZA","","1985-08-22","","","","2023-05-31","","","Polish List of Persons and Entities Subject to Sanctions","2025-04-28T19:38:23","2025-04-28T19:38:23","2025-04-28T19:38:23"
"plmswia-osoby-lahunova-halina","Person","Halina LAHUNOVA","","1964-11-22","","","","2023-05-30","","","Polish List of Persons and Entities Subject to Sanctions","2025-04-28T19:38:23","2025-04-28T19:38:23","2025-04-28T19:38:23"
"plmswia-osoby-lapshou-siarhei","Person","Siarhei LAPSHOU","","1970-12-28","","","","2023-05-30","","","Polish List of Persons and Entities Subject to Sanctions","2025-04-28T19:38:23","2025-04-28T19:38:23","2025-04-28T19:38:23"
"plmswia-osoby-laryionau-yury","Person","Yury LARYIONAU","","1990-03-22","","","","2023-05-30","","","Polish List of Persons and Entities Subject to Sanctions","2025-04-28T19:38:23","2025-04-28T19:38:23","2025-04-28T19:38:23"
"plmswia-osoby-lazdzin-mikalay","Person","Mikalay LAZDZIN","","1965-09-15","","","","2023-05-30","","","Polish List of Persons and Entities Subject to Sanctions","2025-04-28T19:38:23","2025-04-28T19:38:23","2025-04-28T19:38:23"
"plmswia-osoby-lazovik-pavel","Person","Pavel LAZOVIK","","1981-02-23","","","","2023-05-30","","","Polish List of Persons and Entities Subject to Sanctions","2025-04-28T19:38:23","2025-04-28T19:38:23","2025-04-28T19:38:23"
"plmswia-osoby-lebedzeva-kseniya","Person","Kseniya LEBEDZEVA","","1987-12-12","","","","2023-05-30","","","Polish List of Persons and Entities Subject to Sanctions","2025-04-28T19:38:23","2025-04-28T19:38:23","2025-04-28T19:38:23"
"plmswia-osoby-lenczewskaja-marina","Person","Marina LENCZEWSKAJA","","1971-03-12","","","","2023-05-30","","","Polish List of Persons and Entities Subject to Sanctions","2025-04-28T19:38:23","2025-04-28T19:38:23","2025-04-28T19:38:23"
"plmswia-osoby-leparskaya-irina","Person","Irina LEPARSKAYA","","1957-07-27","","","","2023-05-31","","","Polish List of Persons and Entities Subject to Sanctions","2025-04-28T19:38:23","2025-04-28T19:38:23","2025-04-28T19:38:23"
"plmswia-osoby-leshchanka-andrey","Person","Andrey LESHCHANKA","","1972-04-23","","","","2023-05-30","","","Polish List of Persons and Entities Subject to Sanctions","2025-04-28T19:38:23","2025-04-28T19:38:23","2025-04-28T19:38:23"
"plmswia-osoby-leszok-fiodor","Person","Fiodor LESZOK","","1996-05-19","","","","2023-05-30","","","Polish List of Persons and Entities Subject to Sanctions","2025-04-28T19:38:23","2025-04-28T19:38:23","2025-04-28T19:38:23"
"plmswia-osoby-lewenberg-igor","Person","Igor LEWENBERG","","1969-02-10","","","","2023-10-03","","","Polish List of Persons and Entities Subject to Sanctions","2025-04-28T19:38:23","2025-04-28T19:38:23","2025-04-28T19:38:23"
"plmswia-osoby-liaikouskaia-anastasiya","Person","Anastasiya LIAIKOUSKAIA","","1992-12-22","","","","2023-05-30","","","Polish List of Persons and Entities Subject to Sanctions","2025-04-28T19:38:23","2025-04-28T19:38:23","2025-04-28T19:38:23"
"plmswia-osoby-liakhau-aliaksandr","Person","Aliaksandr LIAKHAU","","1962-07-07","","","","2023-05-31","","","Polish List of Persons and Entities Subject to Sanctions","2025-04-28T19:38:23","2025-04-28T19:38:23","2025-04-28T19:38:23"
"plmswia-osoby-liaszenko-igor","Person","Igor LIASZENKO","","1974-11-05","","","","2023-05-30","","","Polish List of Persons and Entities Subject to Sanctions","2025-04-28T19:38:23","2025-04-28T19:38:23","2025-04-28T19:38:23"
"plmswia-osoby-liauchuk-aliaksandr","Person","Aliaksandr LIAUCHUK","","1985-08-09","","","","2023-05-30","","","Polish List of Persons and Entities Subject to Sanctions","2025-04-28T19:38:23","2025-04-28T19:38:23","2025-04-28T19:38:23"
"plmswia-osoby-liaukovich-iryna","Person","Iryna LIAUKOVICH","","1964-09-28","","","","2023-05-30","","","Polish List of Persons and Entities Subject to Sanctions","2025-04-28T19:38:23","2025-04-28T19:38:23","2025-04-28T19:38:23"
"plmswia-osoby-linnik-tatsiana","Person","Tatsiana LINNIK","","1990-03-16","","","","2023-05-30","","","Polish List of Persons and Entities Subject to Sanctions","2025-04-28T19:38:23","2025-04-28T19:38:23","2025-04-28T19:38:23"
"plmswia-osoby-lipnevich-mikalai","Person","Mikalai LIPNEVICH","","1982-11-25","","","","2023-05-30","","","Polish List of Persons and Entities Subject to Sanctions","2025-04-28T19:38:23","2025-04-28T19:38:23","2025-04-28T19:38:23"
"plmswia-osoby-liskovich-viktar","Person","Viktar LISKOVICH","","1960-09-04","","","","2023-05-30","","","Polish List of Persons and Entities Subject to Sanctions","2025-04-28T19:38:23","2025-04-28T19:38:23","2025-04-28T19:38:23"
"plmswia-osoby-liubetskaya-sviatlana","Person","Sviatlana LIUBETSKAYA","","1971-06-03","","","","2023-05-30","","","Polish List of Persons and Entities Subject to Sanctions","2025-04-28T19:38:23","2025-04-28T19:38:23","2025-04-28T19:38:23"
"plmswia-osoby-lomakin-anatolij-giennadiejewicz","Person","Anatolij Giennadiejewicz ŁOMAKIN","","1952-06-30","","","","2023-12-07","","","Polish List of Persons and Entities Subject to Sanctions","2025-04-28T19:38:23","2025-04-28T19:38:23","2025-04-28T19:38:23"
"plmswia-osoby-lukanskaya-iryna","Person","Iryna LUKANSKAYA","","1965-05-21","","","","2023-05-30","","","Polish List of Persons and Entities Subject to Sanctions","2025-04-28T19:38:23","2025-04-28T19:38:23","2025-04-28T19:38:23"
"plmswia-osoby-lukashenko-viktor","Person","Viktor LUKASHENKO","","1975-11-28","","","","2023-05-30","","","Polish List of Persons and Entities Subject to Sanctions","2025-04-28T19:38:23","2025-04-28T19:38:23","2025-04-28T19:38:23"
"plmswia-osoby-lukashevich-dzmitry","Person","Dzmitry LUKASHEVICH","","1982-09-28","","","","2023-05-30","","","Polish List of Persons and Entities Subject to Sanctions","2025-04-28T19:38:23","2025-04-28T19:38:23","2025-04-28T19:38:23"
"plmswia-osoby-lukyanau-uladzimir","Person","Uladzimir LUKYANAU","","1972-05-25","","","","2023-05-30","","","Polish List of Persons and Entities Subject to Sanctions","2025-04-28T19:38:23","2025-04-28T19:38:23","2025-04-28T19:38:23"
"plmswia-osoby-lushch-sergey","Person","Sergey LUSHCH","","1982-11-05","","","","2023-05-30","","","Polish List of Persons and Entities Subject to Sanctions","2025-04-28T19:38:23","2025-04-28T19:38:23","2025-04-28T19:38:23"
"plmswia-osoby-maisevich-yuri","Person","Yuri MAISEVICH","","1960-05-07","","","","2023-05-30","","","Polish List of Persons and Entities Subject to Sanctions","2025-04-28T19:38:23","2025-04-28T19:38:23","2025-04-28T19:38:23"
"plmswia-osoby-makarevich-mikhail","Person","Mikhail MAKAREVICH","","1986-10-24","","","","2023-05-30","","","Polish List of Persons and Entities Subject to Sanctions","2025-04-28T19:38:23","2025-04-28T19:38:23","2025-04-28T19:38:23"
"plmswia-osoby-makarina-kibak-ludmila","Person","Ludmiła MAKARINA-KIBAK","","1967-04-20","","","","2023-05-30","","","Polish List of Persons and Entities Subject to Sanctions","2025-04-28T19:38:23","2025-04-28T19:38:23","2025-04-28T19:38:23"
"plmswia-osoby-makey-volha","Person","Volha MAKEY","","1987-06-17","","","","2023-05-30","","","Polish List of Persons and Entities Subject to Sanctions","2025-04-28T19:38:23","2025-04-28T19:38:23","2025-04-28T19:38:23"
"plmswia-osoby-malashenka-volha","Person","Volha MALASHENKA","","1984-05-23","","","","2023-05-30","","","Polish List of Persons and Entities Subject to Sanctions","2025-04-28T19:38:23","2025-04-28T19:38:23","2025-04-28T19:38:23"
"plmswia-osoby-mamaiko-ivan","Person","Ivan MAMAIKO","","1974-04-12","","","","2022-11-22","","","Polish List of Persons and Entities Subject to Sanctions","2025-04-28T19:38:23","2025-04-28T19:38:23","2025-04-28T19:38:23"
"plmswia-osoby-marczuk-igor","Person","Igor MARCZUK","","1972-06-09","","","","2023-05-30","","","Polish List of Persons and Entities Subject to Sanctions","2025-04-28T19:38:23","2025-04-28T19:38:23","2025-04-28T19:38:23"
"plmswia-osoby-markevich-vasil","Person","Vasil MARKEVICH","","1958-04-12","","","","2023-05-30","","","Polish List of Persons and Entities Subject to Sanctions","2025-04-28T19:38:23","2025-04-28T19:38:23","2025-04-28T19:38:23"
"plmswia-osoby-markevych-aliaksandr","Person","Aliaksandr MARKEVYCH","","1968-05-09","","","","2023-05-30","","","Polish List of Persons and Entities Subject to Sanctions","2025-04-28T19:38:23","2025-04-28T19:38:23","2025-04-28T19:38:23"
"plmswia-osoby-markhel-mikhail","Person","Mikhail MARKHEL","","1966-03-10","","","","2023-05-30","","","Polish List of Persons and Entities Subject to Sanctions","2025-04-28T19:38:23","2025-04-28T19:38:23","2025-04-28T19:38:23"
"plmswia-osoby-martynau-ihar","Person","Ihar MARTYNAU","","1965-12-26","","","","2023-05-31","","","Polish List of Persons and Entities Subject to Sanctions","2025-04-28T19:38:23","2025-04-28T19:38:23","2025-04-28T19:38:23"
"plmswia-osoby-martynov-daniil-vasilevich","Person","Daniil Vasilevich MARTYNOV","","1983-03-19","","","","2022-10-27","","","Polish List of Persons and Entities Subject to Sanctions","2025-04-28T19:38:23","2025-04-28T19:38:23","2025-04-28T19:38:23"
"plmswia-osoby-marzaliuk-ihar","Person","Ihar MARZALIUK","","1968-09-11","","","","2023-05-30","","","Polish List of Persons and Entities Subject to Sanctions","2025-04-28T19:38:23","2025-04-28T19:38:23","2025-04-28T19:38:23"
"plmswia-osoby-maseikau-aliaksandr","Person","Aliaksandr MASEIKAU","","1971-07-26","","","","2023-05-30","","","Polish List of Persons and Entities Subject to Sanctions","2025-04-28T19:38:23","2025-04-28T19:38:23","2025-04-28T19:38:23"
"plmswia-osoby-mashkarau-aliaksandr","Person","Aliaksandr MASHKARAU","","1963-06-14","","","","2023-05-30","","","Polish List of Persons and Entities Subject to Sanctions","2025-04-28T19:38:23","2025-04-28T19:38:23","2025-04-28T19:38:23"
"plmswia-osoby-mashketau-yury","Person","Yury MASHKETAU","","1988-05-19","","","","2023-05-30","","","Polish List of Persons and Entities Subject to Sanctions","2025-04-28T19:38:23","2025-04-28T19:38:23","2025-04-28T19:38:23"
"plmswia-osoby-matsveyeu-uladzimir","Person","Uladzimir MATSVEYEU","","1964-08-28","","","","2023-05-30","","","Polish List of Persons and Entities Subject to Sanctions","2025-04-28T19:38:23","2025-04-28T19:38:23","2025-04-28T19:38:23"
"plmswia-osoby-matyl-tatsiana","Person","Tatsiana MATYL","","1968-01-20","","","","2023-05-30","","","Polish List of Persons and Entities Subject to Sanctions","2025-04-28T19:38:23","2025-04-28T19:38:23","2025-04-28T19:38:23"
"plmswia-osoby-mazheika-zhana","Person","Zhana MAZHEIKA","","1970-03-05","","","","2023-05-30","","","Polish List of Persons and Entities Subject to Sanctions","2025-04-28T19:38:23","2025-04-28T19:38:23","2025-04-28T19:38:23"
"plmswia-osoby-mazurau-siarhei","Person","Siarhei MAZURAU","","1985-03-20","","","","2023-05-30","","","Polish List of Persons and Entities Subject to Sanctions","2025-04-28T19:38:23","2025-04-28T19:38:23","2025-04-28T19:38:23"
"plmswia-osoby-melniczenko-andriej","Person","Andriej MELNICZENKO","","1972-03-08","","","","2022-04-26","","","Polish List of Persons and Entities Subject to Sanctions","2025-04-28T19:38:23","2025-04-28T19:38:23","2025-04-28T19:38:23"
"plmswia-osoby-mikhaliuk-pavel","Person","Pavel MIKHALIUK","","1983-11-29","","","","2023-05-30","","","Polish List of Persons and Entities Subject to Sanctions","2025-04-28T19:38:23","2025-04-28T19:38:23","2025-04-28T19:38:23"
"plmswia-osoby-mironchyk-ivanova-nastassia","Person","Nastassia MIRONCHYK-IVANOVA","","1989-04-13","","","","2023-05-30","","","Polish List of Persons and Entities Subject to Sanctions","2025-04-28T19:38:23","2025-04-28T19:38:23","2025-04-28T19:38:23"
"plmswia-osoby-mitskevich-valeryi","Person","Valeryi MITSKEVICH","","1964-02-24","","","","2023-05-30","","","Polish List of Persons and Entities Subject to Sanctions","2025-04-28T19:38:23","2025-04-28T19:38:23","2025-04-28T19:38:23"
"plmswia-osoby-mlechka-andrei","Person","Andrei MLECHKA","","1988-03-07","","","","2023-05-30","","","Polish List of Persons and Entities Subject to Sanctions","2025-04-28T19:38:23","2025-04-28T19:38:23","2025-04-28T19:38:23"
"plmswia-osoby-molostow-konstantin","Person","Konstantin MOLOSTOW","","1970-05-30","","","","2023-05-30","","","Polish List of Persons and Entities Subject to Sanctions","2025-04-28T19:38:23","2025-04-28T19:38:23","2025-04-28T19:38:23"
"plmswia-osoby-mordaszow-aleksiej","Person","Aleksiej MORDASZOW","","1965-09-26","","","","2022-04-26","","","Polish List of Persons and Entities Subject to Sanctions","2025-04-28T19:38:23","2025-04-28T19:38:23","2025-04-28T19:38:23"
"plmswia-osoby-murashka-katsiaryna","Person","Katsiaryna MURASHKA","","1984-03-07","","","","2023-05-30","","","Polish List of Persons and Entities Subject to Sanctions","2025-04-28T19:38:23","2025-04-28T19:38:23","2025-04-28T19:38:23"
"plmswia-osoby-muryna-yuliya","Person","Yuliya MURYNA","","1979-02-21","","","","2023-05-30","","","Polish List of Persons and Entities Subject to Sanctions","2025-04-28T19:38:23","2025-04-28T19:38:23","2025-04-28T19:38:23"
"plmswia-osoby-narkevich-yuryi","Person","Yuryi NARKEVICH","","1964-02-02","","","","2023-05-30","","","Polish List of Persons and Entities Subject to Sanctions","2025-04-28T19:38:23","2025-04-28T19:38:23","2025-04-28T19:38:23"
"plmswia-osoby-nasenia-anatol","Person","Anatol NASENIA","","1979-03-28","","","","2023-05-30","","","Polish List of Persons and Entities Subject to Sanctions","2025-04-28T19:38:23","2025-04-28T19:38:23","2025-04-28T19:38:23"
"plmswia-osoby-naumczyk-andrej","Person","Andrej NAUMCZYK","","1982-11-08","","","","2023-05-30","","","Polish List of Persons and Entities Subject to Sanctions","2025-04-28T19:38:23","2025-04-28T19:38:23","2025-04-28T19:38:23"
"plmswia-osoby-nazaranka-valiantsina","Person","Valiantsina NAZARANKA","","1964-03-17","","","","2023-05-30","","","Polish List of Persons and Entities Subject to Sanctions","2025-04-28T19:38:23","2025-04-28T19:38:23","2025-04-28T19:38:23"
"plmswia-osoby-nedasekau-maksim","Person","Maksim NEDASEKAU","","1998-01-21","","","","2023-05-30","","","Polish List of Persons and Entities Subject to Sanctions","2025-04-28T19:38:23","2025-04-28T19:38:23","2025-04-28T19:38:23"
"plmswia-osoby-neviarkevich-liliya","Person","Liliya NEVIARKEVICH","","1972-02-25","","","","2023-05-30","","","Polish List of Persons and Entities Subject to Sanctions","2025-04-28T19:38:23","2025-04-28T19:38:23","2025-04-28T19:38:23"
"plmswia-osoby-niaborskaia-volha","Person","Volha NIABORSKAIA","","1991-02-14","","","","2023-05-30","","","Polish List of Persons and Entities Subject to Sanctions","2025-04-28T19:38:23","2025-04-28T19:38:23","2025-04-28T19:38:23"
"plmswia-osoby-niaverau-aliaksei","Person","Aliaksei NIAVERAU","","1973-06-16","","","","2023-05-30","","","Polish List of Persons and Entities Subject to Sanctions","2025-04-28T19:38:23","2025-04-28T19:38:23","2025-04-28T19:38:23"
"plmswia-osoby-nieczajew-aleksiej-nechayev-alexy-gennadyevich","Person","Aleksiej NIECZAJEW","Alexy Gennadyevich NECHAYEV;NECHAYEV Alexy Gennadyevich","1966-08-30","","","","2022-04-26","","","Polish List of Persons and Entities Subject to Sanctions","2025-04-28T19:38:23","2025-04-28T19:38:23","2025-04-28T19:38:23"
"plmswia-osoby-nikalaikin-viktar","Person","Viktar NIKALAIKIN","","1961-09-19","","","","2023-05-30","","","Polish List of Persons and Entities Subject to Sanctions","2025-04-28T19:38:23","2025-04-28T19:38:23","2025-04-28T19:38:23"
"plmswia-osoby-nizhevich-liudmila","Person","Liudmila NIZHEVICH","","1964-05-03","","","","2023-05-30","","","Polish List of Persons and Entities Subject to Sanctions","2025-04-28T19:38:23","2025-04-28T19:38:23","2025-04-28T19:38:23"
"plmswia-osoby-nuraliev-boris","Person","Boris NURALIEV","","1958-07-18","ru","","","2022-04-26","","","Polish List of Persons and Entities Subject to Sanctions","2025-04-28T19:38:23","2025-04-28T19:38:23","2025-04-28T19:38:23"
"plmswia-osoby-pakanechny-pavel","Person","Pavel PAKANECHNY","","1971-06-28","","","","2023-05-30","","","Polish List of Persons and Entities Subject to Sanctions","2025-04-28T19:38:23","2025-04-28T19:38:23","2025-04-28T19:38:23"
"plmswia-osoby-paliakova-iryna","Person","Iryna PALIAKOVA","","1979-03-04","","","","2023-05-30","","","Polish List of Persons and Entities Subject to Sanctions","2025-04-28T19:38:23","2025-04-28T19:38:23","2025-04-28T19:38:23"
"plmswia-osoby-palishchuk-valeryi","Person","Valeryi PALISHCHUK","","1963-10-30","","","","2023-05-30","","","Polish List of Persons and Entities Subject to Sanctions","2025-04-28T19:38:23","2025-04-28T19:38:23","2025-04-28T19:38:23"
"plmswia-osoby-palushkina-tatsiana","Person","Tatsiana PALUSHKINA","","1957-02-14","","","","2023-05-30","","","Polish List of Persons and Entities Subject to Sanctions","2025-04-28T19:38:23","2025-04-28T19:38:23","2025-04-28T19:38:23"
"plmswia-osoby-panasenka-nataliia","Person","Nataliia PANASENKA","","1970-01-18","","","","2023-05-30","","","Polish List of Persons and Entities Subject to Sanctions","2025-04-28T19:38:23","2025-04-28T19:38:23","2025-04-28T19:38:23"
"plmswia-osoby-panasiuk-vasil","Person","Vasil PANASIUK","","1966-02-13","","","","2023-05-30","","","Polish List of Persons and Entities Subject to Sanctions","2025-04-28T19:38:23","2025-04-28T19:38:23","2025-04-28T19:38:23"
"plmswia-osoby-pankov-evgeniy","Person","Evgeniy PANKOV","","1972-11-05","","","","2023-05-30","","","Polish List of Persons and Entities Subject to Sanctions","2025-04-28T19:38:23","2025-04-28T19:38:23","2025-04-28T19:38:23"
"plmswia-osoby-pantsiukhova-alena","Person","Alena PANTSIUKHOVA","","1972-12-20","","","","2023-05-30","","","Polish List of Persons and Entities Subject to Sanctions","2025-04-28T19:38:23","2025-04-28T19:38:23","2025-04-28T19:38:23"
"plmswia-osoby-papko-pavel","Person","Pavel PAPKO","","1983-09-11","","","","2023-05-30","","","Polish List of Persons and Entities Subject to Sanctions","2025-04-28T19:38:23","2025-04-28T19:38:23","2025-04-28T19:38:23"
"plmswia-osoby-paremski-yaraslau","Person","Yaraslau PAREMSKI","","1976-08-17","","","","2023-05-30","","","Polish List of Persons and Entities Subject to Sanctions","2025-04-28T19:38:23","2025-04-28T19:38:23","2025-04-28T19:38:23"
"plmswia-osoby-partnik-aleh","Person","Aleh PARTNIK","","1959-05-20","","","","2023-05-30","","","Polish List of Persons and Entities Subject to Sanctions","2025-04-28T19:38:23","2025-04-28T19:38:23","2025-04-28T19:38:23"
"plmswia-osoby-partny-mikhail","Person","Mikhail PARTNY","","1964-11-07","","","","2023-05-30","","","Polish List of Persons and Entities Subject to Sanctions","2025-04-28T19:38:23","2025-04-28T19:38:23","2025-04-28T19:38:23"
"plmswia-osoby-patapava-alena","Person","Alena PATAPAVA","","1978-03-27","","","","2023-05-30","","","Polish List of Persons and Entities Subject to Sanctions","2025-04-28T19:38:23","2025-04-28T19:38:23","2025-04-28T19:38:23"
"plmswia-osoby-petrashka-maryia","Person","Maryia PETRASHKA","","1996-02-25","","","","2023-05-30","","","Polish List of Persons and Entities Subject to Sanctions","2025-04-28T19:38:23","2025-04-28T19:38:23","2025-04-28T19:38:23"
"plmswia-osoby-petrashova-volha","Person","Volha PETRASHOVA","","1968-12-17","","","","2023-05-30","","","Polish List of Persons and Entities Subject to Sanctions","2025-04-28T19:38:23","2025-04-28T19:38:23","2025-04-28T19:38:23"
"plmswia-osoby-petrov-igor","Person","Igor PETROV","","1969-08-27","","","","2023-01-11","","","Polish List of Persons and Entities Subject to Sanctions","2025-04-28T19:38:23","2025-04-28T19:38:23","2025-04-28T19:38:23"
"plmswia-osoby-piatrouskaya-tatsiana","Person","Tatsiana PIATROUSKAYA","","1983-07-20","","","","2023-05-30","","","Polish List of Persons and Entities Subject to Sanctions","2025-04-28T19:38:23","2025-04-28T19:38:23","2025-04-28T19:38:23"
"plmswia-osoby-pihun-aleksandr","Person","Aleksandr PIHUN","","1965-04-04","","","","2023-05-30","","","Polish List of Persons and Entities Subject to Sanctions","2025-04-28T19:38:23","2025-04-28T19:38:23","2025-04-28T19:38:23"
"plmswia-osoby-piskoppel-olga","Person","Olga PISKOPPEL","","1979-06-20","","","","2022-10-29","","","Polish List of Persons and Entities Subject to Sanctions","2025-04-28T19:38:23","2025-04-28T19:38:23","2025-04-28T19:38:23"
"plmswia-osoby-piskun-michail","Person","Michaił PISKUN","","1982-11-21","","","","2023-05-30","","","Polish List of Persons and Entities Subject to Sanctions","2025-04-28T19:38:23","2025-04-28T19:38:23","2025-04-28T19:38:23"
"plmswia-osoby-piskunou-aliaksandr","Person","Aliaksandr PISKUNOU","","1969-01-08","","","","2023-05-30","","","Polish List of Persons and Entities Subject to Sanctions","2025-04-28T19:38:23","2025-04-28T19:38:23","2025-04-28T19:38:23"
"plmswia-osoby-podluznaja-liudmila","Person","LIUDMIŁA PODŁUŻNAJA","","1964-06-22","","","","2023-05-30","","","Polish List of Persons and Entities Subject to Sanctions","2025-04-28T19:38:23","2025-04-28T19:38:23","2025-04-28T19:38:23"
"plmswia-osoby-polubenko-oksana","Person","Oksana POLUBENKO","","1974-10-02","","","","2023-05-30","","","Polish List of Persons and Entities Subject to Sanctions","2025-04-28T19:38:23","2025-04-28T19:38:23","2025-04-28T19:38:23"
"plmswia-osoby-popov-igor","Person","Igor POPOV","","1958-02-17","","","","2023-05-30","","","Polish List of Persons and Entities Subject to Sanctions","2025-04-28T19:38:23","2025-04-28T19:38:23","2025-04-28T19:38:23"
"plmswia-osoby-pratasavitski-ryhor","Person","Ryhor PRATASAVITSKI","","1961-11-24","","","","2023-05-30","","","Polish List of Persons and Entities Subject to Sanctions","2025-04-28T19:38:23","2025-04-28T19:38:23","2025-04-28T19:38:23"
"plmswia-osoby-prauko-mikalay","Person","Mikalay PRAUKO","","1958-12-23","","","","2023-05-30","","","Polish List of Persons and Entities Subject to Sanctions","2025-04-28T19:38:23","2025-04-28T19:38:23","2025-04-28T19:38:23"
"plmswia-osoby-prokopenko-mikhail","Person","Mikhail PROKOPENKO","","1982-08-31","","","","2023-05-30","","","Polish List of Persons and Entities Subject to Sanctions","2025-04-28T19:38:23","2025-04-28T19:38:23","2025-04-28T19:38:23"
"plmswia-osoby-protashchik-andrei","Person","Andrei PROTASHCHIK","","1974-03-06","","","","2023-05-30","","","Polish List of Persons and Entities Subject to Sanctions","2025-04-28T19:38:23","2025-04-28T19:38:23","2025-04-28T19:38:23"
"plmswia-osoby-pupko-viktoryia","Person","Viktoryia PUPKO","","1980-12-20","","","","2023-05-30","","","Polish List of Persons and Entities Subject to Sanctions","2025-04-28T19:38:23","2025-04-28T19:38:23","2025-04-28T19:38:23"
"plmswia-osoby-pustavy-yauheni","Person","Yauheni PUSTAVY","","1984-02-28","","","","2023-05-31","","","Polish List of Persons and Entities Subject to Sanctions","2025-04-28T19:38:23","2025-04-28T19:38:23","2025-04-28T19:38:23"
"plmswia-osoby-pyszkin-andriej","Person","Andriej PYSZKIN","","1977-05-05","","","","2023-05-30","","","Polish List of Persons and Entities Subject to Sanctions","2025-04-28T19:38:23","2025-04-28T19:38:23","2025-04-28T19:38:23"
"plmswia-osoby-raby-valery","Person","Valery RABY","","1980-05-25","","","","2023-05-30","","","Polish List of Persons and Entities Subject to Sanctions","2025-04-28T19:38:23","2025-04-28T19:38:23","2025-04-28T19:38:23"
"plmswia-osoby-rachkov-sergei","Person","Sergei RACHKOV","","1960-11-04","","","","2022-11-22","","","Polish List of Persons and Entities Subject to Sanctions","2025-04-28T19:38:23","2025-04-28T19:38:23","2025-04-28T19:38:23"
"plmswia-osoby-raczinskij-aleksandr","Person","Aleksandr RACZINSKIJ","","1985-11-29","","","","2023-05-30","","","Polish List of Persons and Entities Subject to Sanctions","2025-04-28T19:38:23","2025-04-28T19:38:23","2025-04-28T19:38:23"
"plmswia-osoby-ramanau-aleh","Person","Aleh RAMANAU","","1975-08-09","","","","2023-05-30","","","Polish List of Persons and Entities Subject to Sanctions","2025-04-28T19:38:23","2025-04-28T19:38:23","2025-04-28T19:38:23"
"plmswia-osoby-raszidow-timur","Person","Timur RASZIDOW","","1983-03-05","","","","2022-04-26","","","Polish List of Persons and Entities Subject to Sanctions","2025-04-28T19:38:23","2025-04-28T19:38:23","2025-04-28T19:38:23"
"plmswia-osoby-razhanets-valiantsina","Person","Valiantsina RAZHANETS","","1964-01-11","","","","2023-05-30","","","Polish List of Persons and Entities Subject to Sanctions","2025-04-28T19:38:23","2025-04-28T19:38:23","2025-04-28T19:38:23"
"plmswia-osoby-reiss-blazej-bernard","Person","Błażej Bernard REISS","","1979-09-06","","","79090613232","2024-09-13","","","Polish List of Persons and Entities Subject to Sanctions","2025-04-28T19:38:23","2025-04-28T19:38:23","2025-04-28T19:38:23"
"plmswia-osoby-repkin-siarhei","Person","Siarhei REPKIN","","1979-01-15","","","","2023-05-30","","","Polish List of Persons and Entities Subject to Sanctions","2025-04-28T19:38:23","2025-04-28T19:38:23","2025-04-28T19:38:23"
"plmswia-osoby-rezenkow-dmitrij","Person","Dmitrij REZENKOW","","1972-08-17","","","","2023-05-30","","","Polish List of Persons and Entities Subject to Sanctions","2025-04-28T19:38:23","2025-04-28T19:38:23","2025-04-28T19:38:23"
"plmswia-osoby-rudzenka-aliaksandr","Person","Aliaksandr RUDZENKA","","1981-12-01","","","","2023-05-30","","","Polish List of Persons and Entities Subject to Sanctions","2025-04-28T19:38:23","2025-04-28T19:38:23","2025-04-28T19:38:23"
"plmswia-osoby-rummo-oleg","Person","Oleg RUMMO","","1970-07-26","","","","2022-11-22","","","Polish List of Persons and Entities Subject to Sanctions","2025-04-28T19:38:23","2025-04-28T19:38:23","2025-04-28T19:38:23"
"plmswia-osoby-runets-tatsiana","Person","Tatsiana RUNETS","","1969-06-15","","","","2023-05-30","","","Polish List of Persons and Entities Subject to Sanctions","2025-04-28T19:38:23","2025-04-28T19:38:23","2025-04-28T19:38:23"
"plmswia-osoby-rusakovich-andrei","Person","Andrei RUSAKOVICH","","1965-01-12","","","","2023-05-30","","","Polish List of Persons and Entities Subject to Sanctions","2025-04-28T19:38:23","2025-04-28T19:38:23","2025-04-28T19:38:23"
"plmswia-osoby-rusy-mikhail","Person","Mikhail RUSY","","1954-11-23","","","","2023-05-30","","","Polish List of Persons and Entities Subject to Sanctions","2025-04-28T19:38:23","2025-04-28T19:38:23","2025-04-28T19:38:23"
"plmswia-osoby-rutenka-siarhei","Person","Siarhei RUTENKA","","1981-08-29","","","","2023-05-30","","","Polish List of Persons and Entities Subject to Sanctions","2025-04-28T19:38:23","2025-04-28T19:38:23","2025-04-28T19:38:23"
"plmswia-osoby-rybakov-igor","Person","Igor RYBAKOV","","1972-05-16","","","","2023-05-30","","","Polish List of Persons and Entities Subject to Sanctions","2025-04-28T19:38:23","2025-04-28T19:38:23","2025-04-28T19:38:23"
"plmswia-osoby-ryneiskaya-iryna","Person","Iryna RYNEISKAYA","","1972-07-06","","","","2023-05-30","","","Polish List of Persons and Entities Subject to Sanctions","2025-04-28T19:38:23","2025-04-28T19:38:23","2025-04-28T19:38:23"
"plmswia-osoby-ryzhenkevich-ala","Person","Ala RYZHENKEVICH","","1961-03-21","","","","2023-05-30","","","Polish List of Persons and Entities Subject to Sanctions","2025-04-28T19:38:23","2025-04-28T19:38:23","2025-04-28T19:38:23"
"plmswia-osoby-ryzhenkov-maksim","Person","Maksim RYZHENKOV","","1972-06-19","","","","2023-05-30","","","Polish List of Persons and Entities Subject to Sanctions","2025-04-28T19:38:23","2025-04-28T19:38:23","2025-04-28T19:38:23"
"plmswia-osoby-sachkouskaya-iryna","Person","Iryna SACHKOUSKAYA","","1968-10-28","","","","2023-05-30","","","Polish List of Persons and Entities Subject to Sanctions","2025-04-28T19:38:23","2025-04-28T19:38:23","2025-04-28T19:38:23"
"plmswia-osoby-saihanava-tatsiana","Person","Tatsiana SAIHANAVA","","1970-12-07","","","","2023-05-30","","","Polish List of Persons and Entities Subject to Sanctions","2025-04-28T19:38:23","2025-04-28T19:38:23","2025-04-28T19:38:23"
"plmswia-osoby-salkevich-vitaliy","Person","Vitaliy SALKEVICH","","1990-04-04","","","","2023-05-30","","","Polish List of Persons and Entities Subject to Sanctions","2025-04-28T19:38:23","2025-04-28T19:38:23","2025-04-28T19:38:23"
"plmswia-osoby-salouski-siarhei","Person","Siarhei SALOUSKI","","1985-08-01","","","","2023-05-30","","","Polish List of Persons and Entities Subject to Sanctions","2025-04-28T19:38:23","2025-04-28T19:38:23","2025-04-28T19:38:23"
"plmswia-osoby-sarakach-aliaksandr","Person","Aliaksandr SARAKACH","","1963-08-11","","","","2023-05-30","","","Polish List of Persons and Entities Subject to Sanctions","2025-04-28T19:38:23","2025-04-28T19:38:23","2025-04-28T19:38:23"
"plmswia-osoby-saroka-elvira","Person","Elvira SAROKA","","1968-08-09","","","","2023-05-30","","","Polish List of Persons and Entities Subject to Sanctions","2025-04-28T19:38:23","2025-04-28T19:38:23","2025-04-28T19:38:23"
"plmswia-osoby-savanets-volha","Person","Volha SAVANETS","","1977-11-12","","","","2023-05-30","","","Polish List of Persons and Entities Subject to Sanctions","2025-04-28T19:38:23","2025-04-28T19:38:23","2025-04-28T19:38:23"
"plmswia-osoby-savinykh-andrei","Person","Andrei SAVINYKH","","1962-12-21","","","","2022-11-22","","","Polish List of Persons and Entities Subject to Sanctions","2025-04-28T19:38:23","2025-04-28T19:38:23","2025-04-28T19:38:23"
"plmswia-osoby-selimau-alim","Person","Alim SELIMAU","","1983-01-26","","","","2023-05-30","","","Polish List of Persons and Entities Subject to Sanctions","2025-04-28T19:38:23","2025-04-28T19:38:23","2025-04-28T19:38:23"
"plmswia-osoby-semenyuk-anna","Person","Anna SEMENYUK","","1977-01-22","","","","2022-11-22","","","Polish List of Persons and Entities Subject to Sanctions","2025-04-28T19:38:23","2025-04-28T19:38:23","2025-04-28T19:38:23"
"plmswia-osoby-semianchuk-aleh","Person","Aleh SEMIANCHUK","","1958-12-20","","","","2023-05-30","","","Polish List of Persons and Entities Subject to Sanctions","2025-04-28T19:38:23","2025-04-28T19:38:23","2025-04-28T19:38:23"
"plmswia-osoby-semianchuk-aliaksandr","Person","Aliaksandr SEMIANCHUK","","1983-04-12","","","","2023-05-30","","","Polish List of Persons and Entities Subject to Sanctions","2025-04-28T19:38:23","2025-04-28T19:38:23","2025-04-28T19:38:23"
"plmswia-osoby-semianiaka-valiantsin","Person","Valiantsin SEMIANIAKA","","1963-07-10","","","","2023-05-30","","","Polish List of Persons and Entities Subject to Sanctions","2025-04-28T19:38:23","2025-04-28T19:38:23","2025-04-28T19:38:23"
"plmswia-osoby-senka-mikalay","Person","Mikalay SENKA","","1972-12-19","","","","2023-05-30","","","Polish List of Persons and Entities Subject to Sanctions","2025-04-28T19:38:23","2025-04-28T19:38:23","2025-04-28T19:38:23"
"plmswia-osoby-serafinovich-katsiaryna","Person","Katsiaryna SERAFINOVICH","","1965-05-23","","","","2023-05-30","","","Polish List of Persons and Entities Subject to Sanctions","2025-04-28T19:38:23","2025-04-28T19:38:23","2025-04-28T19:38:23"
"plmswia-osoby-shaltaniuk-anatol","Person","Anatol SHALTANIUK","","1962-08-20","","","","2023-05-30","","","Polish List of Persons and Entities Subject to Sanctions","2025-04-28T19:38:23","2025-04-28T19:38:23","2025-04-28T19:38:23"
"plmswia-osoby-shatlikava-tamara","Person","Tamara SHATLIKAVA","","1961-05-10","","","","2023-05-30","","","Polish List of Persons and Entities Subject to Sanctions","2025-04-28T19:38:23","2025-04-28T19:38:23","2025-04-28T19:38:23"
"plmswia-osoby-shatsila-siarhei","Person","Siarhei SHATSILA","","1989-08-13","","","","2023-05-30","","","Polish List of Persons and Entities Subject to Sanctions","2025-04-28T19:38:23","2025-04-28T19:38:23","2025-04-28T19:38:23"
"plmswia-osoby-shauchuk-mikalai","Person","Mikalai SHAUCHUK","","1959-08-24","","","","2023-05-30","","","Polish List of Persons and Entities Subject to Sanctions","2025-04-28T19:38:23","2025-04-28T19:38:23","2025-04-28T19:38:23"
"plmswia-osoby-shchastny-anatol","Person","Anatol SHCHASTNY","","1961-03-01","","","","2023-05-30","","","Polish List of Persons and Entities Subject to Sanctions","2025-04-28T19:38:23","2025-04-28T19:38:23","2025-04-28T19:38:23"
"plmswia-osoby-shkrob-maryna","Person","Maryna SHKROB","","1967-08-13","","","","2023-05-30","","","Polish List of Persons and Entities Subject to Sanctions","2025-04-28T19:38:23","2025-04-28T19:38:23","2025-04-28T19:38:23"
"plmswia-osoby-shotsik-tatsiana","Person","Tatsiana SHOTSIK","","1992-01-21","","","","2023-05-30","","","Polish List of Persons and Entities Subject to Sanctions","2025-04-28T19:38:23","2025-04-28T19:38:23","2025-04-28T19:38:23"
"plmswia-osoby-shpakouski-aliaksandr","Person","Aliaksandr SHPAKOUSKI","","1984-11-18","","","","2023-05-30","","","Polish List of Persons and Entities Subject to Sanctions","2025-04-28T19:38:23","2025-04-28T19:38:23","2025-04-28T19:38:23"
"plmswia-osoby-shuba-palina","Person","Palina SHUBA","","1988-03-09","","","","2023-05-30","","","Polish List of Persons and Entities Subject to Sanctions","2025-04-28T19:38:23","2025-04-28T19:38:23","2025-04-28T19:38:23"
"plmswia-osoby-shumanski-siarhei","Person","Siarhei SHUMANSKI","","1987-06-18","","","","2023-05-30","","","Polish List of Persons and Entities Subject to Sanctions","2025-04-28T19:38:23","2025-04-28T19:38:23","2025-04-28T19:38:23"
"plmswia-osoby-shut-yuliya","Person","Yuliya SHUT","","1988-06-06","","","","2023-05-30","","","Polish List of Persons and Entities Subject to Sanctions","2025-04-28T19:38:23","2025-04-28T19:38:23","2025-04-28T19:38:23"
"plmswia-osoby-shutava-sviatlana","Person","Sviatlana SHUTAVA","","1967-06-01","","","","2023-05-30","","","Polish List of Persons and Entities Subject to Sanctions","2025-04-28T19:38:23","2025-04-28T19:38:23","2025-04-28T19:38:23"
"plmswia-osoby-shymanovich-aliaksandr","Person","Aliaksandr SHYMANOVICH","","1958-04-10","","","","2023-05-30","","","Polish List of Persons and Entities Subject to Sanctions","2025-04-28T19:38:23","2025-04-28T19:38:23","2025-04-28T19:38:23"
"plmswia-osoby-shynkevich-mikalai","Person","Mikalai SHYNKEVICH","","1980-12-03","","","","2023-05-30","","","Polish List of Persons and Entities Subject to Sanctions","2025-04-28T19:38:23","2025-04-28T19:38:23","2025-04-28T19:38:23"
"plmswia-osoby-shypula-aliaksandr","Person","Aliaksandr SHYPULA","","1972-08-15","","","","2023-05-30","","","Polish List of Persons and Entities Subject to Sanctions","2025-04-28T19:38:23","2025-04-28T19:38:23","2025-04-28T19:38:23"
"plmswia-osoby-shyrokaya-vera","Person","Vera SHYROKAYA","","1985-04-25","","","","2023-05-30","","","Polish List of Persons and Entities Subject to Sanctions","2025-04-28T19:38:23","2025-04-28T19:38:23","2025-04-28T19:38:23"
"plmswia-osoby-shyshkin-andrei","Person","Andrei SHYSHKIN","","1972-05-07","","","","2023-05-30","","","Polish List of Persons and Entities Subject to Sanctions","2025-04-28T19:38:23","2025-04-28T19:38:23","2025-04-28T19:38:23"
"plmswia-osoby-shyshko-aliaksandr","Person","Aliaksandr SHYSHKO","","1959-09-24","","","","2023-05-30","","","Polish List of Persons and Entities Subject to Sanctions","2025-04-28T19:38:23","2025-04-28T19:38:23","2025-04-28T19:38:23"
"plmswia-osoby-sialitskaya-hanna","Person","Hanna SIALITSKAYA","","1967-08-08","","","","2023-05-30","","","Polish List of Persons and Entities Subject to Sanctions","2025-04-28T19:38:23","2025-04-28T19:38:23","2025-04-28T19:38:23"
"plmswia-osoby-sieczin-igor-iwanowicz-sechin-igor-ivanovich","Person","Igor Ivanovich Sechin","Igor Iwanowicz SIECZIN;Sechin Igor Ivanovich","1960-09-07","","","","2022-04-26","","","Polish List of Persons and Entities Subject to Sanctions","2025-04-28T19:38:23","2025-04-28T19:38:23","2025-04-28T19:38:23"
"plmswia-osoby-silchonak-pavel","Person","Pavel SILCHONAK","","1963-11-11","","","","2023-05-30","","","Polish List of Persons and Entities Subject to Sanctions","2025-04-28T19:38:23","2025-04-28T19:38:23","2025-04-28T19:38:23"
"plmswia-osoby-siniak-uladzimir","Person","Uladzimir SINIAK","","1967-12-01","","","","2023-05-30","","","Polish List of Persons and Entities Subject to Sanctions","2025-04-28T19:38:23","2025-04-28T19:38:23","2025-04-28T19:38:23"
"plmswia-osoby-sitko-michail","Person","Michaił SITKO","","1961-05-17","","","","2023-05-30","","","Polish List of Persons and Entities Subject to Sanctions","2025-04-28T19:38:23","2025-04-28T19:38:23","2025-04-28T19:38:23"
"plmswia-osoby-sivets-siarhei","Person","Siarhei SIVETS","","1973-09-11","","","","2023-05-30","","","Polish List of Persons and Entities Subject to Sanctions","2025-04-28T19:38:23","2025-04-28T19:38:23","2025-04-28T19:38:23"
"plmswia-osoby-skuratovich-ala","Person","Ala SKURATOVICH","","1980-10-18","","","","2023-05-30","","","Polish List of Persons and Entities Subject to Sanctions","2025-04-28T19:38:23","2025-04-28T19:38:23","2025-04-28T19:38:23"
"plmswia-osoby-slinko-aleh","Person","Aleh SLINKO","","1975-09-04","","","","2023-05-30","","","Polish List of Persons and Entities Subject to Sanctions","2025-04-28T19:38:23","2025-04-28T19:38:23","2025-04-28T19:38:23"
"plmswia-osoby-smaliak-ala","Person","Ala SMALIAK","","1973-09-07","","","","2023-05-30","","","Polish List of Persons and Entities Subject to Sanctions","2025-04-28T19:38:23","2025-04-28T19:38:23","2025-04-28T19:38:23"
"plmswia-osoby-sonhin-aliaksandr","Person","Aliaksandr SONHIN","","1969-10-12","","","","2023-05-30","","","Polish List of Persons and Entities Subject to Sanctions","2025-04-28T19:38:23","2025-04-28T19:38:23","2025-04-28T19:38:23"
"plmswia-osoby-sor-ilan","Person","Ilan ŞOR","","","il;md","","","2023-05-30","","","Polish List of Persons and Entities Subject to Sanctions","2025-04-28T19:38:23","2025-04-28T19:38:23","2025-04-28T19:38:23"
"plmswia-osoby-sotnikau-anatoliy","Person","Anatoliy SOTNIKAU","","1976-05-13","","","","2023-05-30","","","Polish List of Persons and Entities Subject to Sanctions","2025-04-28T19:38:23","2025-04-28T19:38:23","2025-04-28T19:38:23"
"plmswia-osoby-stankevich-natallia","Person","Natallia STANKEVICH","","1974-07-17","","","","2023-05-30","","","Polish List of Persons and Entities Subject to Sanctions","2025-04-28T19:38:23","2025-04-28T19:38:23","2025-04-28T19:38:23"
"plmswia-osoby-staravoitava-hanna","Person","Hanna STARAVOITAVA","","1966-08-08","","","","2023-05-30","","","Polish List of Persons and Entities Subject to Sanctions","2025-04-28T19:38:23","2025-04-28T19:38:23","2025-04-28T19:38:23"
"plmswia-osoby-starowojtowa-irina","Person","Irina STAROWOJTOWA","","1974-07-19","","","","2023-05-30","","","Polish List of Persons and Entities Subject to Sanctions","2025-04-28T19:38:23","2025-04-28T19:38:23","2025-04-28T19:38:23"
"plmswia-osoby-statsiuka-zhanna","Person","Zhanna STATSIUKA","","1968-04-01","","","","2023-05-30","","","Polish List of Persons and Entities Subject to Sanctions","2025-04-28T19:38:23","2025-04-28T19:38:23","2025-04-28T19:38:23"
"plmswia-osoby-stelmashok-sergei","Person","Sergei STELMASHOK","","1971-04-15","","","","2022-11-22","","","Polish List of Persons and Entities Subject to Sanctions","2025-04-28T19:38:23","2025-04-28T19:38:23","2025-04-28T19:38:23"
"plmswia-osoby-stralchonak-valeryi","Person","Valeryi STRALCHONAK","","1981-09-15","","","","2023-05-30","","","Polish List of Persons and Entities Subject to Sanctions","2025-04-28T19:38:23","2025-04-28T19:38:23","2025-04-28T19:38:23"
"plmswia-osoby-struneuski-andrei","Person","Andrei STRUNEUSKI","","1972-05-04","","","","2023-05-30","","","Polish List of Persons and Entities Subject to Sanctions","2025-04-28T19:38:23","2025-04-28T19:38:23","2025-04-28T19:38:23"
"plmswia-osoby-sukonka-aleh","Person","Aleh SUKONKA","","1951-07-16","","","","2023-05-30","","","Polish List of Persons and Entities Subject to Sanctions","2025-04-28T19:38:23","2025-04-28T19:38:23","2025-04-28T19:38:23"
"plmswia-osoby-supranovich-iryna","Person","Iryna SUPRANOVICH","","1973-10-16","","","","2023-05-30","","","Polish List of Persons and Entities Subject to Sanctions","2025-04-28T19:38:23","2025-04-28T19:38:23","2025-04-28T19:38:23"
"plmswia-osoby-svila-viktar","Person","Viktar SVILA","","1963-01-10","","","","2023-05-30","","","Polish List of Persons and Entities Subject to Sanctions","2025-04-28T19:38:23","2025-04-28T19:38:23","2025-04-28T19:38:23"
"plmswia-osoby-syrankou-siarhei","Person","Siarhei SYRANKOU","","1983-08-14","","","","2023-05-30","","","Polish List of Persons and Entities Subject to Sanctions","2025-04-28T19:38:23","2025-04-28T19:38:23","2025-04-28T19:38:23"
"plmswia-osoby-szelest-wiaczeslaw","Person","Wiaczesław SZELEST","","1996-09-14","","","","2023-05-30","","","Polish List of Persons and Entities Subject to Sanctions","2025-04-28T19:38:23","2025-04-28T19:38:23","2025-04-28T19:38:23"
"plmswia-osoby-szerko-jelena","Person","Jelena SZERKO","","1987-07-12","","","","2023-05-30","","","Polish List of Persons and Entities Subject to Sanctions","2025-04-28T19:38:23","2025-04-28T19:38:23","2025-04-28T19:38:23"
"plmswia-osoby-sznejder-andriej-iwanowicz-andrej-ivanovic-snajder","Person","Andriej Iwanowicz SZNEJDER","Иванович Шнайдер” „Андрей;„Андрей Иванович Шнайдер”","1974-02-09","","","","2025-04-25","","","Polish List of Persons and Entities Subject to Sanctions","2025-04-28T19:38:23","2025-04-28T19:38:23","2025-04-28T19:38:23"
"plmswia-osoby-sznejder-siergiej-iwanowicz-sergej-ivanovic-snajder-lub-sergij-ivanovic-snajder","Person","Siergiej Iwanowicz SZNEJDER","Иванович „Сергей;„Сергей Иванович Шнайдер” lub „Сергій Іванович Шнайдер”","","","","","2025-04-25","","","Polish List of Persons and Entities Subject to Sanctions","2025-04-28T19:38:23","2025-04-28T19:38:23","2025-04-28T19:38:23"
"plmswia-osoby-szpigiel-aleksandr","Person","Aleksandr SZPIGIEL","","1979-02-19","","","","2023-05-30","","","Polish List of Persons and Entities Subject to Sanctions","2025-04-28T19:38:23","2025-04-28T19:38:23","2025-04-28T19:38:23"
"plmswia-osoby-szwed-andriej","Person","Andriej SZWED","","1973-04-21","","","","2023-05-30","","","Polish List of Persons and Entities Subject to Sanctions","2025-04-28T19:38:23","2025-04-28T19:38:23","2025-04-28T19:38:23"
"plmswia-osoby-talai-alexey","Person","Alexey TALAI","","1983-01-22","","","","2023-05-30","","","Polish List of Persons and Entities Subject to Sanctions","2025-04-28T19:38:23","2025-04-28T19:38:23","2025-04-28T19:38:23"
"plmswia-osoby-tarasenka-natallia","Person","Natallia TARASENKA","","1970-05-21","","","","2023-05-30","","","Polish List of Persons and Entities Subject to Sanctions","2025-04-28T19:38:23","2025-04-28T19:38:23","2025-04-28T19:38:23"
"plmswia-osoby-tavtyn-igor","Person","Igor TAVTYN","","1971-01-11","","","","2022-11-22","","","Polish List of Persons and Entities Subject to Sanctions","2025-04-28T19:38:23","2025-04-28T19:38:23","2025-04-28T19:38:23"
"plmswia-osoby-tertel-iwan","Person","Iwan TERTEL","","1966-09-08","","","","2023-05-30","","","Polish List of Persons and Entities Subject to Sanctions","2025-04-28T19:38:23","2025-04-28T19:38:23","2025-04-28T19:38:23"
"plmswia-osoby-tratsiak-vitaliy","Person","Vitaliy TRATSIAK","","1976-12-22","","","","2023-05-30","","","Polish List of Persons and Entities Subject to Sanctions","2025-04-28T19:38:23","2025-04-28T19:38:23","2025-04-28T19:38:23"
"plmswia-osoby-trusevich-maksim","Person","Maksim TRUSEVICH","","1989-08-12","","","","2023-05-30","","","Polish List of Persons and Entities Subject to Sanctions","2025-04-28T19:38:23","2025-04-28T19:38:23","2025-04-28T19:38:23"
"plmswia-osoby-tsaruk-ruslan","Person","Ruslan TSARUK","","1978-05-28","","","","2023-05-30","","","Polish List of Persons and Entities Subject to Sanctions","2025-04-28T19:38:23","2025-04-28T19:38:23","2025-04-28T19:38:23"
"plmswia-osoby-tsechoev-ramzan","Person","Ramzan TSECHOEV","","1969-09-18","","","","2023-05-30","","","Polish List of Persons and Entities Subject to Sanctions","2025-04-28T19:38:23","2025-04-28T19:38:23","2025-04-28T19:38:23"
"plmswia-osoby-tselitsa-lidziia","Person","Lidziia TSELITSA","","1975-07-16","","","","2023-05-30","","","Polish List of Persons and Entities Subject to Sanctions","2025-04-28T19:38:23","2025-04-28T19:38:23","2025-04-28T19:38:23"
"plmswia-osoby-tsikhan-ivan","Person","Ivan TSIKHAN","","1976-07-24","","","","2023-05-30","","","Polish List of Persons and Entities Subject to Sanctions","2025-04-28T19:38:23","2025-04-28T19:38:23","2025-04-28T19:38:23"
"plmswia-osoby-turlai-raisa","Person","Raisa TURLAI","","1958-01-30","","","","2023-05-30","","","Polish List of Persons and Entities Subject to Sanctions","2025-04-28T19:38:23","2025-04-28T19:38:23","2025-04-28T19:38:23"
"plmswia-osoby-uladyka-iryna","Person","Iryna ULADYKA","","1958-08-13","","","","2023-05-30","","","Polish List of Persons and Entities Subject to Sanctions","2025-04-28T19:38:23","2025-04-28T19:38:23","2025-04-28T19:38:23"
"plmswia-osoby-utkin-vital","Person","Vital UTKIN","","1965-06-20","","","","2023-05-30","","","Polish List of Persons and Entities Subject to Sanctions","2025-04-28T19:38:23","2025-04-28T19:38:23","2025-04-28T19:38:23"
"plmswia-osoby-vabishchevich-piotr","Person","Piotr VABISHCHEVICH","","1963-04-18","","","","2023-05-30","","","Polish List of Persons and Entities Subject to Sanctions","2025-04-28T19:38:23","2025-04-28T19:38:23","2025-04-28T19:38:23"
"plmswia-osoby-vaishnarovich-viktar","Person","Viktar VAISHNAROVICH","","1960-08-25","","","","2023-05-30","","","Polish List of Persons and Entities Subject to Sanctions","2025-04-28T19:38:23","2025-04-28T19:38:23","2025-04-28T19:38:23"
"plmswia-osoby-varaksa-yuliya","Person","Yuliya VARAKSA","","1988-09-16","","","","2023-05-30","","","Polish List of Persons and Entities Subject to Sanctions","2025-04-28T19:38:23","2025-04-28T19:38:23","2025-04-28T19:38:23"
"plmswia-osoby-vasilevich-maryia","Person","Maryia VASILEVICH","","1997-04-09","","","","2023-05-30","","","Polish List of Persons and Entities Subject to Sanctions","2025-04-28T19:38:23","2025-04-28T19:38:23","2025-04-28T19:38:23"
"plmswia-osoby-vasilkou-mikalai","Person","Mikalai VASILKOU","","1958-04-01","","","","2023-05-30","","","Polish List of Persons and Entities Subject to Sanctions","2025-04-28T19:38:23","2025-04-28T19:38:23","2025-04-28T19:38:23"
"plmswia-osoby-vasiukou-vital","Person","Vital VASIUKOU","","1974-11-13","","","","2023-05-30","","","Polish List of Persons and Entities Subject to Sanctions","2025-04-28T19:38:23","2025-04-28T19:38:23","2025-04-28T19:38:23"
"plmswia-osoby-vasko-maryna","Person","Maryna VASKO","","1975-05-01","","","","2023-05-31","","","Polish List of Persons and Entities Subject to Sanctions","2025-04-28T19:38:23","2025-04-28T19:38:23","2025-04-28T19:38:23"
"plmswia-osoby-vekselberg-victor","Person","Victor VEKSELBERG","","1957-04-14","","","","2022-04-26","","","Polish List of Persons and Entities Subject to Sanctions","2025-04-28T19:38:23","2025-04-28T19:38:23","2025-04-28T19:38:23"
"plmswia-osoby-vilkevich-anjei","Person","Anjei VILKEVICH","","1982-02-19","","","","2023-05-30","","","Polish List of Persons and Entities Subject to Sanctions","2025-04-28T19:38:23","2025-04-28T19:38:23","2025-04-28T19:38:23"
"plmswia-osoby-volkau-ihar","Person","Ihar VOLKAU","","1970-01-12","","","","2023-05-30","","","Polish List of Persons and Entities Subject to Sanctions","2025-04-28T19:38:23","2025-04-28T19:38:23","2025-04-28T19:38:23"
"plmswia-osoby-voronetsky-valery","Person","Valery VORONETSKY","","1963-10-14","","","","2022-11-22","","","Polish List of Persons and Entities Subject to Sanctions","2025-04-28T19:38:23","2025-04-28T19:38:23","2025-04-28T19:38:23"
"plmswia-osoby-voronyuk-dmitry","Person","Dmitry VORONYUK","","1987-05-23","","","","2022-11-22","","","Polish List of Persons and Entities Subject to Sanctions","2025-04-28T19:38:23","2025-04-28T19:38:23","2025-04-28T19:38:23"
"plmswia-osoby-vouk-aliaksandr","Person","Aliaksandr VOUK","","1979-08-01","","","","2023-05-30","","","Polish List of Persons and Entities Subject to Sanctions","2025-04-28T19:38:23","2025-04-28T19:38:23","2025-04-28T19:38:23"
"plmswia-osoby-vusik-nataliia","Person","Nataliia VUSIK","","1983-06-12","","","","2023-05-30","","","Polish List of Persons and Entities Subject to Sanctions","2025-04-28T19:38:23","2025-04-28T19:38:23","2025-04-28T19:38:23"
"plmswia-osoby-vyarheychyk-yury","Person","Yury VYARHEYCHYK","","1968-03-05","","","","2023-05-30","","","Polish List of Persons and Entities Subject to Sanctions","2025-04-28T19:38:23","2025-04-28T19:38:23","2025-04-28T19:38:23"
"plmswia-osoby-wierienicz-ruslan","Person","Ruslan WIERIENICZ","","1974-12-19","","","","2023-05-30","","","Polish List of Persons and Entities Subject to Sanctions","2025-04-28T19:38:23","2025-04-28T19:38:23","2025-04-28T19:38:23"
"plmswia-osoby-winograd-siergiej","Person","Siergiej WINOGRAD","","1981-12-08","","","","2023-05-30","","","Polish List of Persons and Entities Subject to Sanctions","2025-04-28T19:38:23","2025-04-28T19:38:23","2025-04-28T19:38:23"
"plmswia-osoby-yahorau-aliaksei","Person","Aliaksei YAHORAU","","1969-12-16","","","","2023-05-30","","","Polish List of Persons and Entities Subject to Sanctions","2025-04-28T19:38:23","2025-04-28T19:38:23","2025-04-28T19:38:23"
"plmswia-osoby-yakubenka-anatol","Person","Anatol YAKUBENKA","","1959-09-28","","","","2023-05-30","","","Polish List of Persons and Entities Subject to Sanctions","2025-04-28T19:38:23","2025-04-28T19:38:23","2025-04-28T19:38:23"
"plmswia-osoby-yakubitskaya-natallia","Person","Natallia YAKUBITSKAYA","","1971-09-22","","","","2023-05-30","","","Polish List of Persons and Entities Subject to Sanctions","2025-04-28T19:38:23","2025-04-28T19:38:23","2025-04-28T19:38:23"
"plmswia-osoby-yancheuskaya-iryna","Person","Iryna YANCHEUSKAYA","","1966-11-08","","","","2023-05-30","","","Polish List of Persons and Entities Subject to Sanctions","2025-04-28T19:38:23","2025-04-28T19:38:23","2025-04-28T19:38:23"
"plmswia-osoby-yashkou-feliks","Person","Feliks YASHKOU","","1964-10-09","","","","2023-05-30","","","Polish List of Persons and Entities Subject to Sanctions","2025-04-28T19:38:23","2025-04-28T19:38:23","2025-04-28T19:38:23"
"plmswia-osoby-zaitsau-yauhen","Person","Yauhen ZAITSAU","","1970-06-02","","","","2023-05-30","","","Polish List of Persons and Entities Subject to Sanctions","2025-04-28T19:38:23","2025-04-28T19:38:23","2025-04-28T19:38:23"
"plmswia-osoby-zapasnik-maryna","Person","Maryna ZAPASNIK","","1982-03-28","","","","2023-05-30","","","Polish List of Persons and Entities Subject to Sanctions","2025-04-28T19:38:23","2025-04-28T19:38:23","2025-04-28T19:38:23"
"plmswia-osoby-zavalei-ihar","Person","Ihar ZAVALEI","","1985-02-15","","","","2023-05-30","","","Polish List of Persons and Entities Subject to Sanctions","2025-04-28T19:38:23","2025-04-28T19:38:23","2025-04-28T19:38:23"
"plmswia-osoby-zayats-anatoliy","Person","Anatoliy ZAYATS","","1959-10-15","","","","2023-05-30","","","Polish List of Persons and Entities Subject to Sanctions","2025-04-28T19:38:23","2025-04-28T19:38:23","2025-04-28T19:38:23"
"plmswia-osoby-zdorykava-liudmila","Person","Liudmila ZDORYKAVA","","1973-05-09","","","","2023-05-30","","","Polish List of Persons and Entities Subject to Sanctions","2025-04-28T19:38:23","2025-04-28T19:38:23","2025-04-28T19:38:23"
"plmswia-osoby-zhaldukevich-sviatlana","Person","Sviatlana ZHALDUKEVICH","","1966-09-30","","","","2023-05-30","","","Polish List of Persons and Entities Subject to Sanctions","2025-04-28T19:38:23","2025-04-28T19:38:23","2025-04-28T19:38:23"
"plmswia-osoby-zhardetsky-sergei","Person","Sergei ZHARDETSKY","","1984-02-06","","","","2023-05-30","","","Polish List of Persons and Entities Subject to Sanctions","2025-04-28T19:38:23","2025-04-28T19:38:23","2025-04-28T19:38:23"
"plmswia-osoby-zhaunerchyk-liudmila","Person","Liudmila ZHAUNERCHYK","","1964-04-30","","","","2023-05-30","","","Polish List of Persons and Entities Subject to Sanctions","2025-04-28T19:38:23","2025-04-28T19:38:23","2025-04-28T19:38:23"
"plmswia-osoby-zholobova-maria","Person","Maria ZHOLOBOVA","","1981-12-29","","","","2022-11-22","","","Polish List of Persons and Entities Subject to Sanctions","2025-04-28T19:38:23","2025-04-28T19:38:23","2025-04-28T19:38:23"
"plmswia-osoby-zhukovich-alena","Person","Alena ZHUKOVICH","","1980-07-22","","","","2023-05-30","","","Polish List of Persons and Entities Subject to Sanctions","2025-04-28T19:38:23","2025-04-28T19:38:23","2025-04-28T19:38:23"
"plmswia-osoby-zhynhel-aleh","Person","Aleh ZHYNHEL","","1967-03-19","","","","2023-05-30","","","Polish List of Persons and Entities Subject to Sanctions","2025-04-28T19:38:23","2025-04-28T19:38:23","2025-04-28T19:38:23"
"plmswia-osoby-ziablikava-alena","Person","Alena ZIABLIKAVA","","1967-11-11","","","","2023-05-30","","","Polish List of Persons and Entities Subject to Sanctions","2025-04-28T19:38:23","2025-04-28T19:38:23","2025-04-28T19:38:23"
"plmswia-osoby-zlobin-aliaksandr","Person","Aliaksandr ZLOBIN","","1982-09-07","","","","2023-05-30","","","Polish List of Persons and Entities Subject to Sanctions","2025-04-28T19:38:23","2025-04-28T19:38:23","2025-04-28T19:38:23"
"plmswia-osoby-zlotnikau-andrei","Person","Andrei ZLOTNIKAU","","1970-04-27","","","","2023-05-30","","","Polish List of Persons and Entities Subject to Sanctions","2025-04-28T19:38:23","2025-04-28T19:38:23","2025-04-28T19:38:23"
"plmswia-osoby-zywliuk-aleksandr","Person","Aleksandr ŻYWLIUK","","1981-01-13","","","","2023-05-30","","","Polish List of Persons and Entities Subject to Sanctions","2025-04-28T19:38:23","2025-04-28T19:38:23","2025-04-28T19:38:23"
"plmswia-podmioty-1c-poland-sp-z-o-o","Company","„1C-POLAND” Sp. z o.o.","","","","ul. Barkocińska 6 lok. 23 03-543 Warszawa","0000312056;5222894064","2022-04-26","","","Polish List of Persons and Entities Subject to Sanctions","2025-04-28T19:38:23","2025-04-28T19:38:23","2025-04-28T19:38:23"
"plmswia-podmioty-4finance-as","Company","4Finance AS","","","","Lielirbes iela 17A–46, Ryga, LV-1046 Łotwa","","2024-12-13","","","Polish List of Persons and Entities Subject to Sanctions","2025-04-28T19:38:23","2025-04-28T19:38:23","2025-04-28T19:38:23"
"plmswia-podmioty-acron-pao","Company","ACRON PAO","","","","Nowogród Wielki 173012, Rosja","","2022-04-26","","","Polish List of Persons and Entities Subject to Sanctions","2025-04-28T19:38:23","2025-04-28T19:38:23","2025-04-28T19:38:23"
"plmswia-podmioty-adc-eltek-sp-z-o-o","Company","ADC-ELTEK sp. z o.o.","","","","ul. Bohaterów II Armii Wojska Polskiego 12, 59-900 Zgorzelec",": 0000185332,;: 1080000071","2024-09-13","","","Polish List of Persons and Entities Subject to Sanctions","2025-04-28T19:38:23","2025-04-28T19:38:23","2025-04-28T19:38:23"
"plmswia-podmioty-ao-nizniekamski-zaklad-wegla-technicznego","Company","AO Niżniekamski Zakład Węgla Technicznego","","","","Promzona-10, Niżniekamsk, Rejon Niżniekamski, Republika Tatarstanu, Federacja Rosyjska 423570 rejestr handlowy nr 1021602508047","","2023-10-03","","","Polish List of Persons and Entities Subject to Sanctions","2025-04-28T19:38:23","2025-04-28T19:38:23","2025-04-28T19:38:23"
"plmswia-podmioty-arena-sp-z-o-o","Company","ARENA Sp. z o.o.","","","","ul. Hutnicza 40, 81-038 Gdynia","0000174233","2023-01-11","","","Polish List of Persons and Entities Subject to Sanctions","2025-04-28T19:38:23","2025-04-28T19:38:23","2025-04-28T19:38:23"
"plmswia-podmioty-atm-obshestvo-s-ogranichennoj-otvetstvennostyu-ooo-atm","Company","ATM OBSHESTVO S OGRANICHENNOJ OTVETSTVENNOSTYU – OOO ATM","","","","ul. Dokuka 9 236019 Kaliningrad obwód kaliningradzki Federacja Rosyjska INN 3906216300 KPP 390601001 OGRN 1103925006646 OKPO 63218214","","2023-01-11","","","Polish List of Persons and Entities Subject to Sanctions","2025-04-28T19:38:23","2025-04-28T19:38:23","2025-04-28T19:38:23"
"plmswia-podmioty-aurum-agencja-reklamowa-khazhbi-edelbiev","Company","AURUM – Agencja reklamowa Khazhbi EDELBIEV","","","","00-020 Warszawa, ul. Chmielna 2 lok. 31, REGON 367432940","7010697526","2023-05-30","","","Polish List of Persons and Entities Subject to Sanctions","2025-04-28T19:38:23","2025-04-28T19:38:23","2025-04-28T19:38:23"
"plmswia-podmioty-axioma-dr-it-sp-z-o-o","Company","AXIOMA DR IT Sp. z o.o.","","","","ul. Żmujdzka 31/3-4 31-217 Kraków","0000563712;9452185008","2022-04-26","","","Polish List of Persons and Entities Subject to Sanctions","2025-04-28T19:38:23","2025-04-28T19:38:23","2025-04-28T19:38:23"
"plmswia-podmioty-baltic-sport-trade-sp-z-o-o","Company","BALTIC SPORT TRADE Sp. z o.o.","","","","ul. Hutnicza 40 81-038 Gdynia","0000537523","2023-01-11","","","Polish List of Persons and Entities Subject to Sanctions","2025-04-28T19:38:23","2025-04-28T19:38:23","2025-04-28T19:38:23"
"plmswia-podmioty-barter-coal-sp-z-o-o","Company","BARTER COAL Sp. z o.o.","","","","ul. Sienkiewicza 40A 15-004 Białystok","0000529893;5423240694","2022-04-26","","","Polish List of Persons and Entities Subject to Sanctions","2025-04-28T19:38:23","2025-04-28T19:38:23","2025-04-28T19:38:23"
"plmswia-podmioty-bastorehill-investments-sp-z-o-o","Company","BASTOREHILL INVESTMENTS sp. z o.o.","","","","ul. Towarowa 28, 00-839 Warszawa","0001021600,;: 5273044625, REGON: 524556447","2024-09-13","","","Polish List of Persons and Entities Subject to Sanctions","2025-04-28T19:38:23","2025-04-28T19:38:23","2025-04-28T19:38:23"
"plmswia-podmioty-belarus-traktor-ktf","Company","BELARUS TRAKTOR KTF","","","","ul. Szulgo 142 1141 Budapest, Węgry KSH NUMBER (",") 13084116-4661-113-01","2023-07-22","","","Polish List of Persons and Entities Subject to Sanctions","2025-04-28T19:38:23","2025-04-28T19:38:23","2025-04-28T19:38:23"
"plmswia-podmioty-beloil-polska-sp-z-o-o","Company","BELOIL Polska Sp. z o.o.","","","","ul. Leszno 12 00-105 Warszawa (obecnie: Pl. Bankowy 2 00-095 Warszawa)","0000369430;7010259849","2022-04-26","","","Polish List of Persons and Entities Subject to Sanctions","2025-04-28T19:38:23","2025-04-28T19:38:23","2025-04-28T19:38:23"
"plmswia-podmioty-boerner-insulation-sp-z-o-o-poprzednio-technonicol-insulation-sp-z-o-o","Company","BOERNER INSULATION Sp. z o.o.","poprzednio: TECHNONICOL-INSULATION Sp. z o.o.","","","ul. Wyzwolenia 55, Wykroty, 59-730 Nowogrodziec","0000782180","2023-05-30","","","Polish List of Persons and Entities Subject to Sanctions","2025-04-28T19:38:23","2025-04-28T19:38:23","2025-04-28T19:38:23"
"plmswia-podmioty-boerner-service-sp-z-o-o-poprzednio-technonicol-sp-z-o-o","Company","BOERNER SERVICE Sp. z o.o.","poprzednio: TECHNONICOL Sp. z o.o.","","","ul. Wołoska 5, 02-675 Warszawa","0000229972","2023-05-30","","","Polish List of Persons and Entities Subject to Sanctions","2025-04-28T19:38:23","2025-04-28T19:38:23","2025-04-28T19:38:23"
"plmswia-podmioty-boerner-synthetics-membranes-sp-z-o-o-poprzednio-technonicol-pvc-membranes-sp-z-o-o","Company","BOERNER SYNTHETICS MEMBRANES Sp. z o.o.","poprzednio: TECHNONICOL-PVC MEMBRANES Sp. z o.o.","","","ul. Młyńska 3a, 59-730 Nowogrodziec","0000810464","2023-05-30","","","Polish List of Persons and Entities Subject to Sanctions","2025-04-28T19:38:23","2025-04-28T19:38:23","2025-04-28T19:38:23"
"plmswia-podmioty-cdek-europa-sp-z-o-o","Company","CDEK-EUROPA sp. z o.o.","","","","ul. Octowa 24, 15-399 Białystok (obecnie: Przędzalniana 8 15-688 Białystok)","0000936274;5423442050","2023-05-30","","","Polish List of Persons and Entities Subject to Sanctions","2025-04-28T19:38:23","2025-04-28T19:38:23","2025-04-28T19:38:23"
"plmswia-podmioty-chemagrotrade-polska-spolka-z-o-o","Company","CHEMAGROTRADE POLSKA Spółka z o.o.","","","","ul. Wał Miedzeszyński 607, 03-994 Warszawa","0000961269;1133053705","2023-12-07","","","Polish List of Persons and Entities Subject to Sanctions","2025-04-28T19:38:23","2025-04-28T19:38:23","2025-04-28T19:38:23"
"plmswia-podmioty-chemagrotrade-spolka-z-o-o-w-likwidacji","Company","CHEMAGROTRADE Spółka z o.o. w likwidacji","","","","ul. Marii Kazimiery 31, 01-641 Warszawa","0000255672;7010015662","2023-12-07","","","Polish List of Persons and Entities Subject to Sanctions","2025-04-28T19:38:23","2025-04-28T19:38:23","2025-04-28T19:38:23"
"plmswia-podmioty-domtora-sp-z-o-o","Company","Domtora sp. z o.o.","","","","02-536 Warszawa, ul. Ludwika Narbutta 25A",": 0001019403;: 5214005960 REGON 524463421","2024-04-19","","","Polish List of Persons and Entities Subject to Sanctions","2025-04-28T19:38:23","2025-04-28T19:38:23","2025-04-28T19:38:23"
"plmswia-podmioty-east-european-pipeline-hub-sp-z-o-o","Company","EAST-EUROPEAN PIPELINE HUB sp. z o.o.","","","","ul. Stefana Okrzei 1A lok. 10P, 03-715 Warszawa","0000771840,;: 5272882873","2024-11-29","","","Polish List of Persons and Entities Subject to Sanctions","2025-04-28T19:38:23","2025-04-28T19:38:23","2025-04-28T19:38:23"
"plmswia-podmioty-edelbiev-baysangur","Company","EDELBIEV Baysangur","","","","00-844 Warszawa, ul. Grzybowska 87","147421934;5213545128","2023-05-30","","","Polish List of Persons and Entities Subject to Sanctions","2025-04-28T19:38:23","2025-04-28T19:38:23","2025-04-28T19:38:23"
"plmswia-podmioty-eurochem-polska-sp-z-o-o","Company","EUROCHEM POLSKA Sp. z o.o.","","","","ul. Agrestowa 8 83-010 Rekcin","0000795863;5252796604","2022-04-26","","","Polish List of Persons and Entities Subject to Sanctions","2025-04-28T19:38:23","2025-04-28T19:38:23","2025-04-28T19:38:23"
"plmswia-podmioty-faberlic-baltija-sia-sp-z-o-o-oddzial-w-polsce","Company","„FABERLIC BALTIJA SIA” Sp. z o.o. ODDZIAŁ W POLSCE","","","","ul. Przeskok 2 00-032 Warszawa","0000767312,;1080022983","2022-04-26","","","Polish List of Persons and Entities Subject to Sanctions","2025-04-28T19:38:23","2025-04-28T19:38:23","2025-04-28T19:38:23"
"plmswia-podmioty-faberlic-europe-sp-z-o-o","Company","FABERLIC EUROPE Sp. z o.o.","","","","ul. Przeskok 2 00-032 Warszawa","0000824564;5252815483","2022-04-26","","","Polish List of Persons and Entities Subject to Sanctions","2025-04-28T19:38:23","2025-04-28T19:38:23","2025-04-28T19:38:23"
"plmswia-podmioty-gazprom-export-llc-inaczej-ooo-gazprom-export","Company","Gazprom Export LLC","OOO Gazprom Export","","","Plac Ostrowskiego 2A, lit. A 191023 Sankt-Petersburg Federacja Rosyjska) Busines Registration Number: 1027739898284","","2022-09-29","","","Polish List of Persons and Entities Subject to Sanctions","2025-04-28T19:38:23","2025-04-28T19:38:23","2025-04-28T19:38:23"
"plmswia-podmioty-go-sport-polska-sp-z-o-o-obecnie-go-sport-polska-sp-z-o-o-w-upadlosci","Company","GO SPORT POLSKA Sp. z o.o.","","","","al. Jerozolimskie 179 02-222 Warszawa,","0000028260;9511861015","2022-04-26","","","Polish List of Persons and Entities Subject to Sanctions","2025-04-28T19:38:23","2025-04-28T19:38:23","2025-04-28T19:38:23"
"plmswia-podmioty-h-agency-spolka-z-o-o","Company","H-Agency spółka z o.o.","","","","ul. Pańska 98 lok. 52, 00-837 Warszawa","0000880789;8442371648","2023-05-30","","","Polish List of Persons and Entities Subject to Sanctions","2025-04-28T19:38:23","2025-04-28T19:38:23","2025-04-28T19:38:23"
"plmswia-podmioty-high-league-bielski-spolka-komandytowo-akcyjna","Company","HIGH LEAGUE Bielski spółka komandytowo-akcyjna","","","","ul. Pańska 98 lok. 52, 00-837 Warszawa","0000940900;8442375089","2023-05-30","","","Polish List of Persons and Entities Subject to Sanctions","2025-04-28T19:38:23","2025-04-28T19:38:23","2025-04-28T19:38:23"
"plmswia-podmioty-inflection-management-corporation-limited","Company","INFLECTION MANAGEMENT CORPORATION LIMITED","","","","81, Quince Tower, Floor 2, Flat 207, Larnaca, 6017 Cypr DUNS: 53-454-7858","","2023-05-30","","","Polish List of Persons and Entities Subject to Sanctions","2025-04-28T19:38:23","2025-04-28T19:38:23","2025-04-28T19:38:23"
"plmswia-podmioty-inter-trans-spolka-z-o-o","Company","INTER-TRANS spółka z o.o.","","","","ul. Brzeska 97/211, 08-110 Siedlce,","0000724475, REGON 36873872300000,;8212655098","2023-05-30","","","Polish List of Persons and Entities Subject to Sanctions","2025-04-28T19:38:23","2025-04-28T19:38:23","2025-04-28T19:38:23"
"plmswia-podmioty-irl-polska-sp-z-o-o","Company","IRL Polska Sp. z o.o.","","","","ul. Twarda 18 00-105 Warszawa","0000436992,;5252539965","2022-04-26","","","Polish List of Persons and Entities Subject to Sanctions","2025-04-28T19:38:23","2025-04-28T19:38:23","2025-04-28T19:38:23"
"plmswia-podmioty-k-dystrybucja-sp-z-o-o","Company","K Dystrybucja Sp. z o.o.","","","","ul. Garncarska 34 42-200 Częstochowa","0000965303;9492254431","2022-04-26","","","Polish List of Persons and Entities Subject to Sanctions","2025-04-28T19:38:23","2025-04-28T19:38:23","2025-04-28T19:38:23"
"plmswia-podmioty-kaspersky-kaspersky-lab","Company","KASPERSKY","KASPERSKY LAB","","","39A/2 Leningradskoje Szosse 125212 Moskwa, Rosja","","2022-04-26","","","Polish List of Persons and Entities Subject to Sanctions","2025-04-28T19:38:23","2025-04-28T19:38:23","2025-04-28T19:38:23"
"plmswia-podmioty-kaspersky-lab-polska-sp-z-o-o-obecnie-pilarz-capital-sp-z-o-o","Company","KASPERSKY Lab Polska Sp. z o.o.","PILARZ CAPITAL Sp. z o.o.","","","ul. Trawiasta 35 04-607 Warszawa",": 0000126355;: 5732447128","2022-04-26","","","Polish List of Persons and Entities Subject to Sanctions","2025-04-28T19:38:23","2025-04-28T19:38:23","2025-04-28T19:38:23"
"plmswia-podmioty-kaspersky-store-sp-z-o-o-obecnie-esd-store-sp-z-o-o-w-likwidacji","Company","Kaspersky Store Sp. z o.o.","ESD STORE Sp. z o.o. w likwidacji","","","ul. Garncarska 34 42-200 Częstochowa",": 0000417343,;: 9492191481","2022-04-26","","","Polish List of Persons and Entities Subject to Sanctions","2025-04-28T19:38:23","2025-04-28T19:38:23","2025-04-28T19:38:23"
"plmswia-podmioty-ktk-polska-sp-z-o-o","Company","KTK Polska Sp. z o.o.","","","","ul. Nowomiejska 3, 80-864 Gdańsk","0000421091;5833152191","2022-04-26","","","Polish List of Persons and Entities Subject to Sanctions","2025-04-28T19:38:23","2025-04-28T19:38:23","2025-04-28T19:38:23"
"plmswia-podmioty-llc-infrapro","Company","LLC InfraPro","","","","ul. Barklaja 6 bud. 25, piętro 1 biuro 2.3, Moskwa, 121087, Federacja Rosyjska","","2023-05-10","","","Polish List of Persons and Entities Subject to Sanctions","2025-04-28T19:38:23","2025-04-28T19:38:23","2025-04-28T19:38:23"
"plmswia-podmioty-llc-medstroj","Company","LLC Medstroj","","","","ul. Barklaja 13 bud. 2, piętro 1, 121309, Moskwa, Federacja Rosyjska","","2023-05-10","","","Polish List of Persons and Entities Subject to Sanctions","2025-04-28T19:38:23","2025-04-28T19:38:23","2025-04-28T19:38:23"
"plmswia-podmioty-llc-miara","Company","LLC MIARA","","","","ul. Gilyarovskogo 47/5, 129110 Moskwa, Federacja Rosyjska numer TIN 7705467534","","2023-05-30","","","Polish List of Persons and Entities Subject to Sanctions","2025-04-28T19:38:23","2025-04-28T19:38:23","2025-04-28T19:38:23"
"plmswia-podmioty-llc-techgaz","Company","LLC Techgaz","","","","ul. Budionnego 2W, miejscowość Południowy Ural, obwód orenburski, 460501, Federacja Rosyjska","","2023-05-10","","","Polish List of Persons and Entities Subject to Sanctions","2025-04-28T19:38:23","2025-04-28T19:38:23","2025-04-28T19:38:23"
"plmswia-podmioty-llc-techmed","Company","LLC TechMed","","","","ul. Sojuznaja 7, 2 piętro, biuro 221, Odincowo, 143006, obwód moskiewski, Federacja Rosyjska","","2023-05-10","","","Polish List of Persons and Entities Subject to Sanctions","2025-04-28T19:38:23","2025-04-28T19:38:23","2025-04-28T19:38:23"
"plmswia-podmioty-magystral-polska-spolka-z-o-o","Company","MAGYSTRAL Polska spółka z o.o.","","","","Plac Dąbrowskiego 1, 00-057 Warszawa","0000272743","2022-10-29","","","Polish List of Persons and Entities Subject to Sanctions","2025-04-28T19:38:23","2025-04-28T19:38:23","2025-04-28T19:38:23"
"plmswia-podmioty-makrochem-sp-z-o-o","Company","Makrochem Sp. z o.o.","","","","ul. Mariana Rapackiego 2, 20-150 Lublin","0001008314;523931831;7123446530","2023-10-03","","","Polish List of Persons and Entities Subject to Sanctions","2025-04-28T19:38:23","2025-04-28T19:38:23","2025-04-28T19:38:23"
"plmswia-podmioty-makrochem-spolka-akcyjna-spolka-jawna","Company","Makrochem Spółka Akcyjna Spółka jawna","","","","ul. Mariana Rapackiego 2, 20-150 Lublin","0000875568 REGON 387788117;7123412123","2023-10-03","","","Polish List of Persons and Entities Subject to Sanctions","2025-04-28T19:38:23","2025-04-28T19:38:23","2025-04-28T19:38:23"
"plmswia-podmioty-makrochem-spolka-akcyjna","Company","Makrochem Spółka Akcyjna","","","","ul. Mariana Rapackiego 2, 20-150 Lublin","0000378832 REGON 060741528;7123240544","2023-10-03","","","Polish List of Persons and Entities Subject to Sanctions","2025-04-28T19:38:23","2025-04-28T19:38:23","2025-04-28T19:38:23"
"plmswia-podmioty-maz-auto-poland-spolka-z-o-o","Company","MAZ Auto Poland spółka z o.o.","","","","ul. Rolnicza 262, 05-092 Dziekanów Leśny,","0000047945;7621699193","2023-05-30","","","Polish List of Persons and Entities Subject to Sanctions","2025-04-28T19:38:23","2025-04-28T19:38:23","2025-04-28T19:38:23"
"plmswia-podmioty-metatradingprom-llc-nazwa-rosyjskojezyczna-ooo-metatrejdingprom","Company","MetaTradingProm LLC","nazwa rosyjskojęzyczna: ООО „МетаТрэйдингПром”","","","Voronyansky 35, Office 8 220007 Mińsk;ул. Воронянского, 35, пом. 8, 220007, г. Минск","BY193759703","2025-03-04","","","Polish List of Persons and Entities Subject to Sanctions","2025-04-28T19:38:23","2025-04-28T19:38:23","2025-04-28T19:38:23"
"plmswia-podmioty-minwija-sp-z-o-o","Company","MINWIJA sp. z o.o.","","","","ul. Adama Mickiewicza 33, 16-515 Puńsk, numer",": 0000426746, numer;: 8442350706","2024-08-01","","","Polish List of Persons and Entities Subject to Sanctions","2025-04-28T19:38:23","2025-04-28T19:38:23","2025-04-28T19:38:23"
"plmswia-podmioty-monolit-sp-z-o-o","Company","MONOLIT sp. z o.o.","","","","ul. Marynarska 14, 02-674 Warszawa",": 0000131052, REGON: 01526548000000","2023-05-30","","","Polish List of Persons and Entities Subject to Sanctions","2025-04-28T19:38:23","2025-04-28T19:38:23","2025-04-28T19:38:23"
"plmswia-podmioty-mozyrsol-oao","Company","MOZYRSOL OAO","","","","247760 Mozyr, obwód homelski, Republika Białorusi Krajowy numer identyfikacyjny: 400087365","","2024-05-29","","","Polish List of Persons and Entities Subject to Sanctions","2025-04-28T19:38:23","2025-04-28T19:38:23","2025-04-28T19:38:23"
"plmswia-podmioty-mtz-belarus-minskij-traktornyj-zavod-mtz-xoldihg","Company","MTZ BELARUS","Минский тракторный завод МТЗ-XOЛДИHГ","","","ul. Dolgobrodskaya 29 220070 Mińsk, Białoruś nr rejestru 100316761","","2023-07-22","","","Polish List of Persons and Entities Subject to Sanctions","2025-04-28T19:38:23","2025-04-28T19:38:23","2025-04-28T19:38:23"
"plmswia-podmioty-mtz-belarus-traktor-sp-z-o-o","Company","MTZ BELARUS TRAKTOR sp. z o.o.","","","","ul. Leśna 3, 07-200 Wyszków","0000516323;5451814575 REGON 20086952000000","2023-07-22","","","Polish List of Persons and Entities Subject to Sanctions","2025-04-28T19:38:23","2025-04-28T19:38:23","2025-04-28T19:38:23"
"plmswia-podmioty-negrinio-limited-obecnie-purefert-holding-limited","Company","NEGRINIO LIMITED","PureFert Holding Limited","","","Vasili Michaelidi 21, Limassol, Cypr","","2022-04-26","","","Polish List of Persons and Entities Subject to Sanctions","2025-04-28T19:38:23","2025-04-28T19:38:23","2025-04-28T19:38:23"
"plmswia-podmioty-nft-llc-nazwa-rosyjskojezyczna-obsectvo-c-orpanicennoj-otvetstvennostu-nft","Company","NFT LLC","""nazwa rosyjskojęzyczna: Oбщecтво c orpaниченной ответственностью """"НФТ""""""","","","ul. Pobedy 38A, Koptevka, Republika Białorusi","591534088","2024-11-28","","","Polish List of Persons and Entities Subject to Sanctions","2025-04-28T19:38:23","2025-04-28T19:38:23","2025-04-28T19:38:23"
"plmswia-podmioty-nitro-chemical-sp-z-o-o","Company","NITRO CHEMICAL Sp. z o.o.","","","","ul. Skarbowców nr 23A lok. B3/317, 53-025 Wrocław","0000746020","2023-05-30","","","Polish List of Persons and Entities Subject to Sanctions","2025-04-28T19:38:23","2025-04-28T19:38:23","2025-04-28T19:38:23"
"plmswia-podmioty-norica-holding-sarl","Company","NORICA HOLDING Sàrl","","","","121 Avenue de la Faïencerie L-1511 Luksemburg","","2022-04-26","","","Polish List of Persons and Entities Subject to Sanctions","2025-04-28T19:38:23","2025-04-28T19:38:23","2025-04-28T19:38:23"
"plmswia-podmioty-novatek-green-energy-sp-z-o-o","Company","Novatek Green Energy Sp. z o.o.","","","","ul. Aleksandra Lubomirskiego 20 31-509 Kraków","0000341850;9452133282","2022-04-26","","","Polish List of Persons and Entities Subject to Sanctions","2025-04-28T19:38:23","2025-04-28T19:38:23","2025-04-28T19:38:23"
"plmswia-podmioty-oao-novatek","Company","OAO NOVATEK","","","","ul. Udalcowa 2, Moskwa, Federacja Rosyjska","","2022-04-26","","","Polish List of Persons and Entities Subject to Sanctions","2025-04-28T19:38:23","2025-04-28T19:38:23","2025-04-28T19:38:23"
"plmswia-podmioty-oao-phosagro","Company","OAO PhosAgro","","","","al. Lenina 55/1 Moskwa 119333 Federacja Rosyjska","","2022-04-26","","","Polish List of Persons and Entities Subject to Sanctions","2025-04-28T19:38:23","2025-04-28T19:38:23","2025-04-28T19:38:23"
"plmswia-podmioty-ooo-kompania-logistyczna-westa","Company","OOO Kompania Logistyczna Westa","","","","Mytiszczi (obwód moskiewski, Rosja)","","2023-12-08","","","Polish List of Persons and Entities Subject to Sanctions","2025-04-28T19:38:23","2025-04-28T19:38:23","2025-04-28T19:38:23"
"plmswia-podmioty-ooo-piervaja-akkumuliatornaja-kompania","Company","OOO PIERVAJA AKKUMULIATORNAJA KOMPANIA","","","","ul. Flotskaya d. 5, korp. 2, et. 4, pom. XIV, off. 426, 125493 Moskwa, Federacja Rosyjska INN: 7705251863 OGRN: 1027700231987 OKPO: 18813324","","2023-01-04","","","Polish List of Persons and Entities Subject to Sanctions","2025-04-28T19:38:23","2025-04-28T19:38:23","2025-04-28T19:38:23"
"plmswia-podmioty-opansa-enterprises-limited","Company","Opansa Enterprises Limited","","","","Kastoros 2 Nikozja 1087 Cypr","","2022-04-26","","","Polish List of Persons and Entities Subject to Sanctions","2025-04-28T19:38:23","2025-04-28T19:38:23","2025-04-28T19:38:23"
"plmswia-podmioty-pao-gazprom","Company","PAO Gazprom","","","","ul. Namietkina 16 Moskwa, Federacja Rosyjska","","2022-04-26","","","Polish List of Persons and Entities Subject to Sanctions","2025-04-28T19:38:23","2025-04-28T19:38:23","2025-04-28T19:38:23"
"plmswia-podmioty-pao-rostselmash","Company","PAO ROSTSELMASH","","","","ul. Mienżinskowo 2, 344029 Rostów nad Donem, Federacja Rosyjska","","2023-05-30","","","Polish List of Persons and Entities Subject to Sanctions","2025-04-28T19:38:23","2025-04-28T19:38:23","2025-04-28T19:38:23"
"plmswia-podmioty-phosagro-polska-sp-z-o-o-obecnie-purefert-polska-sp-z-o-o","Company","PhosAgro POLSKA Sp. z o.o.","PureFert Polska Sp. z o.o.","","","Rondo ONZ 1 00-124 Warszawa","0000605260;7010555476","2022-04-26","","","Polish List of Persons and Entities Subject to Sanctions","2025-04-28T19:38:23","2025-04-28T19:38:23","2025-04-28T19:38:23"
"plmswia-podmioty-phosint-limited-obecnie-purefert-limited","Company","PHOSINT LIMITED","PureFert Limited","","","Vasili Michaelidi 21 Limassol, Cypr","","2022-04-26","","","Polish List of Persons and Entities Subject to Sanctions","2025-04-28T19:38:23","2025-04-28T19:38:23","2025-04-28T19:38:23"
"plmswia-podmioty-pschem-sp-z-o-o-w-likwidacji","Company","PSCHEM Sp. z o.o. w likwidacji","","","","ul. Świętokrzyska 18/313, 00-052 Warszawa","5272848379;731875 REGON 369490797","2023-05-30","","","Polish List of Persons and Entities Subject to Sanctions","2025-04-28T19:38:23","2025-04-28T19:38:23","2025-04-28T19:38:23"
"plmswia-podmioty-qazfancom","Company","QAZFANCOM","","","","ulica Samar, Dom 87, N. P. 14, Uralsk, Kazachstan, numer identyfikacyjny BIN: 220540007941","","2024-08-01","","","Polish List of Persons and Entities Subject to Sanctions","2025-04-28T19:38:23","2025-04-28T19:38:23","2025-04-28T19:38:23"
"plmswia-podmioty-rainbee-holdings-limited","Company","Rainbee Holdings Limited","","","","Kastoros 2, Nikozja, 1087 Cypr zarejestrowany w cypryjskim rejestrze spółek pod numerem ΗΕ 309661","","2022-04-26","","","Polish List of Persons and Entities Subject to Sanctions","2025-04-28T19:38:23","2025-04-28T19:38:23","2025-04-28T19:38:23"
"plmswia-podmioty-reiven-technologies-polska-sp-z-o-o","Company","REIVEN TECHNOLOGIES POLSKA sp. z o.o.","","","","00-867 Warszawa Aleja Jana Pawła II 27",": 0000938309;: 5272980883","2024-06-12","","","Polish List of Persons and Entities Subject to Sanctions","2025-04-28T19:38:23","2025-04-28T19:38:23","2025-04-28T19:38:23"
"plmswia-podmioty-riasna-spolka-z-o-o","Company","RIASNA spółka z o.o.","","","","00-503 Warszawa ul. Żurawia 6/12 lok. 308",": 0000989198;: 7011102877","2024-06-26","","","Polish List of Persons and Entities Subject to Sanctions","2025-04-28T19:38:23","2025-04-28T19:38:23","2025-04-28T19:38:23"
"plmswia-podmioty-rostumel-holding-limited","Company","ROSTUMEL HOLDING LIMITED","","","","Pantelis Katelaris, 16, Diagoras Building, Floor 3, Flat 303, 1097 Nicosia, Cyprus","C392309","2024-12-31","","","Polish List of Persons and Entities Subject to Sanctions","2025-04-28T19:38:23","2025-04-28T19:38:23","2025-04-28T19:38:23"
"plmswia-podmioty-rs-pro-sp-z-o-o","Company","RS PRO sp. z o.o.","","","","04-041 Warszawa ul. Ostrobramska 101",": 0000985790;: 1133067268","2024-06-12","","","Polish List of Persons and Entities Subject to Sanctions","2025-04-28T19:38:23","2025-04-28T19:38:23","2025-04-28T19:38:23"
"plmswia-podmioty-rybakov-holding-llc","Company","RYBAKOV HOLDING LLC","","","","36 str. 11 Leningradsky Ave, 125167, Moskwa, Federacja Rosyjska DUNS: 98-824-2163","","2023-05-30","","","Polish List of Persons and Entities Subject to Sanctions","2025-04-28T19:38:23","2025-04-28T19:38:23","2025-04-28T19:38:23"
"plmswia-podmioty-rybakov-industrial-management-limited","Company","RYBAKOV INDUSTRIAL MANAGEMENT LIMITED","","","","Julia House, 3 Themistokli Dervi, Nikozja, 1066 Cypr DUNS: 53-634-6308","","2023-05-30","","","Polish List of Persons and Entities Subject to Sanctions","2025-04-28T19:38:23","2025-04-28T19:38:23","2025-04-28T19:38:23"
"plmswia-podmioty-semipalatinsk-wood-processing-plant-no-1-llp","Company","SEMIPALATINSK WOOD PROCESSING PLANT No. 1 LLP","","","","Trakt Iliski, 17 Ałmaty, Kazachstan Numer identyfikacyjny BIN: 120240019110","","2024-07-26","","","Polish List of Persons and Entities Subject to Sanctions","2025-04-28T19:38:23","2025-04-28T19:38:23","2025-04-28T19:38:23"
"plmswia-podmioty-severnyi-fanernyi-kombinat-llp-w-jezyku-rosyjskim-tovarisestvo-s-ogranicennoj-otvetstvennostu-severnyj-fanernyj-kombinat","Company","SEVERNYI FANERNYI KOMBINAT LLP","w języku rosyjskim: Товарищество с ограниченной ответственностью „Северный Фанерный Комбинат”","","","Proezd Imeni Yaroslava Gasheka D. 1 Pietropawłowsk, Kazachstan","191040021834","2024-09-13","","","Polish List of Persons and Entities Subject to Sanctions","2025-04-28T19:38:23","2025-04-28T19:38:23","2025-04-28T19:38:23"
"plmswia-podmioty-ska-assets-management-limited","Company","SKA ASSETS MANAGEMENT LIMITED","","","","Afentrika Court, Office 2, 4, Afentrikas, Larnaka, 6018, Republika Cypryjska DUNS: 53-631-6914","","2023-05-30","","","Polish List of Persons and Entities Subject to Sanctions","2025-04-28T19:38:23","2025-04-28T19:38:23","2025-04-28T19:38:23"
"plmswia-podmioty-smart-trading-tasimacilik-sanayi-ve-ticaret-limited-sirketi","Company","SMART TRADING TASIMACILIK SANAYI VE TICARET LIMITED SIRKETI","","","","Esentepe Mahallesi Harman 1 Sk. Duran Is Merkezi Blok No:4 lc Kapi No: 8 Sisli/Istambul Turcja rejestr handlowy 369095-5","","2023-07-22","","","Polish List of Persons and Entities Subject to Sanctions","2025-04-28T19:38:23","2025-04-28T19:38:23","2025-04-28T19:38:23"
"plmswia-podmioty-spolka-z-ograniczona-odpowiedzialnoscia-vfk-pelna-nazwa-w-jezyku-rosyjskim-tovarisestvo-s-ogranicennoj-otvetstvennostu-vostocnyj-fanernyj-kombinat-skrocona-nazwa-w-jezyku-rosyjskim-to","Company","Spółka z ograniczoną odpowiedzialnością VFK","pełna nazwa w języku rosyjskim: Товарищество с ограниченной ответственностью „Восточный Фанерный Комбинат”, skrócona nazwa w języku rosyjskim: ТОО „ВФК”","","","Proezd 2-i Industrialnyi D. 1, Pietropawłowsk, Kazachstan","220540011771","2024-08-29","","","Polish List of Persons and Entities Subject to Sanctions","2025-04-28T19:38:23","2025-04-28T19:38:23","2025-04-28T19:38:23"
"plmswia-podmioty-steelsa-spolka-z-o-o","Company","STEELSA Spółka z o.o.","","","","ul. Młynarska 42, 01-171 Warszawa","0000707942;8212654986","2023-12-07","","","Polish List of Persons and Entities Subject to Sanctions","2025-04-28T19:38:23","2025-04-28T19:38:23","2025-04-28T19:38:23"
"plmswia-podmioty-suek-polska-sp-z-o-o","Company","SUEK Polska Sp. z o.o.","","","","ul. Arkońska 6/A2 80-387 Gdańsk (obecnie: ul. Sienkiewicza 40A 15-004 Białystok)","0000286106;5832987798","2022-04-26","","","Polish List of Persons and Entities Subject to Sanctions","2025-04-28T19:38:23","2025-04-28T19:38:23","2025-04-28T19:38:23"
"plmswia-podmioty-technospetstrading-llc-nazwa-rosyjskojezyczna-ooo-tehnospectrejding","Company","TECHNOSPETSTRADING LLC","nazwa rosyjskojęzyczna: OOO „Техноспецтрейдинг”","","","Mińsk, 220137, ul. Naklonnaya 28, Republika Białorusi","193256472","2024-12-18","","","Polish List of Persons and Entities Subject to Sanctions","2025-04-28T19:38:23","2025-04-28T19:38:23","2025-04-28T19:38:23"
"plmswia-podmioty-technospetstradingexport-llc-nazwa-rosyjskojezyczna-tehnospectrejdingeksport-ooo","Company","TECHNOSPETSTRADINGEXPORT LLC","nazwa rosyjskojęzyczna: „ТехноспецтрейдингЭкспорт” OOO","","","Republika Białorusi, 220137, Mińsk, ul. Naklonnaya 28","193648909","2024-12-18","","","Polish List of Persons and Entities Subject to Sanctions","2025-04-28T19:38:23","2025-04-28T19:38:23","2025-04-28T19:38:23"
"plmswia-podmioty-torgservis-pl-sp-z-o-o","Company","TORGSERVIS PL sp. z o.o.","","","","",": 0000680860, REGON: 367435015,;: 6762530805","2025-04-25","","","Polish List of Persons and Entities Subject to Sanctions","2025-04-28T19:38:23","2025-04-28T19:38:23","2025-04-28T19:38:23"
"plmswia-podmioty-tradeservice-sp-z-o-o","Company","TRADESERVICE sp. z o.o.","","","","07-130 Łochów ul. Aleja Węgrowska 2G",": 0000992957;: 8241816606","2024-06-26","","","Polish List of Persons and Entities Subject to Sanctions","2025-04-28T19:38:23","2025-04-28T19:38:23","2025-04-28T19:38:23"
"plmswia-podmioty-transcom-group","Company","TRANSCOM GROUP","","","","79 Sychevskoe shosse, Wiaźma, ob. Smoleński Rosja","","2023-12-08","","","Polish List of Persons and Entities Subject to Sanctions","2025-04-28T19:38:23","2025-04-28T19:38:23","2025-04-28T19:38:23"
"plmswia-podmioty-transkom-polska-sp-z-o-o","Company","TRANSKOM POLSKA Sp. z o.o.","","","","al. Solidarności 19 w Białej Podlaskiej,","5372632590 KRS 0000600260 REGON 36366947","2023-12-08","","","Polish List of Persons and Entities Subject to Sanctions","2025-04-28T19:38:23","2025-04-28T19:38:23","2025-04-28T19:38:23"
"plmswia-podmioty-van-berg-sp-z-o-o","Company","VAN BERG Sp. z o.o.","","","","ul. Hutnicza 40, 81-038 Gdynia","0000422649","2023-01-11","","","Polish List of Persons and Entities Subject to Sanctions","2025-04-28T19:38:23","2025-04-28T19:38:23","2025-04-28T19:38:23"
"plmswia-podmioty-vesta-polska-sp-z-o-o","Company","VESTA POLSKA Sp. z o.o.","","","","Kopytów 44A, 05-870 Kopytów","0000319131;5342408474 REGON 14165818000000","2023-12-08","","","Polish List of Persons and Entities Subject to Sanctions","2025-04-28T19:38:23","2025-04-28T19:38:23","2025-04-28T19:38:23"
"plmswia-podmioty-west-stream-energy-s-a","Company","WEST STREAM ENERGY S.A.","","","","02-583 Warszawa ul. Wołoska 25",": 0001035338;: 5214018744","2024-06-26","","","Polish List of Persons and Entities Subject to Sanctions","2025-04-28T19:38:23","2025-04-28T19:38:23","2025-04-28T19:38:23"
"plmswia-podmioty-west-stream-engineering-spolka-z-o-o","Company","WEST STREAM ENGINEERING spółka z o.o.","","","","02-583 Warszawa ul. Wołoska 25",": 0001034629;: 5214018046","2024-06-26","","","Polish List of Persons and Entities Subject to Sanctions","2025-04-28T19:38:23","2025-04-28T19:38:23","2025-04-28T19:38:23"
"plmswia-podmioty-west-stream-trading-spolka-z-o-o","Company","WEST STREAM TRADING spółka z o.o","","","","02-583 Warszawa ul. Wołoska 25",": 0001035444;: 5214018856","2024-06-26","","","Polish List of Persons and Entities Subject to Sanctions","2025-04-28T19:38:23","2025-04-28T19:38:23","2025-04-28T19:38:23"
"plmswia-podmioty-wildberries-sp-z-o-o","Company","WILDBERRIES Sp. z o.o.","","","","ul. Hoża 86/210 00-682 Warszawa,","0000783020;7010921260","2022-04-26","","","Polish List of Persons and Entities Subject to Sanctions","2025-04-28T19:38:23","2025-04-28T19:38:23","2025-04-28T19:38:23"
"plmswia-podmioty-world-chem-trading-co-l-l-c-nazwa-arabska-wwrld-kym-ltjart-shrkt-alshkhs-alwahd-dh-m-m","Company","WORLD CHEM TRADING CO. L.L.C.","nazwa arabska: وورلد كيم لتجارة شركة الشخص الواحد ذ.م.م","","","Biuro 02, Aber King Khalfan Muhammad Khalfan Al Hamli – Al Thanyah 1, Dubaj, Zjednoczone Emiraty Arabskie","2823197","2024-12-18","","","Polish List of Persons and Entities Subject to Sanctions","2025-04-28T19:38:23","2025-04-28T19:38:23","2025-04-28T19:38:23"
